run_id,jenis,step,loss
gemma4-e2b-full-s1,latih,10,7.397972106933594
gemma4-e2b-full-s1,latih,20,5.873990631103515
gemma4-e2b-full-s1,latih,30,3.0749340057373047
gemma4-e2b-full-s1,latih,40,2.3450218200683595
gemma4-e2b-full-s1,latih,50,2.1224300384521486
gemma4-e2b-full-s1,latih,60,1.9450746536254884
gemma4-e2b-full-s1,latih,70,1.756754493713379
gemma4-e2b-full-s1,latih,80,1.8007238388061524
gemma4-e2b-full-s1,latih,90,1.5774658203125
gemma4-e2b-full-s1,latih,100,1.5712090492248536
gemma4-e2b-full-s1,latih,110,1.3870823860168457
gemma4-e2b-full-s1,latih,120,1.1847591400146484
gemma4-e2b-full-s1,latih,130,1.529038143157959
gemma4-e2b-full-s1,latih,140,1.4693999290466309
gemma4-e2b-full-s1,latih,150,1.6557926177978515
gemma4-e2b-full-s1,latih,160,1.5870003700256348
gemma4-e2b-full-s1,latih,170,1.1037020683288574
gemma4-e2b-full-s1,latih,180,1.2922839164733886
gemma4-e2b-full-s1,latih,190,1.7357305526733398
gemma4-e2b-full-s1,latih,200,1.2734827041625976
gemma4-e2b-full-s1,latih,210,1.3724133491516113
gemma4-e2b-full-s1,latih,220,1.5368810653686524
gemma4-e2b-full-s1,latih,230,1.1569575309753417
gemma4-e2b-full-s1,latih,240,1.3128125190734863
gemma4-e2b-full-s1,latih,250,1.1250094413757323
gemma4-e2b-full-s1,latih,260,1.295956516265869
gemma4-e2b-full-s1,latih,270,1.312327766418457
gemma4-e2b-full-s1,latih,280,1.2678644180297851
gemma4-e2b-full-s1,latih,290,1.0786703109741211
gemma4-e2b-full-s1,latih,300,1.0539714813232421
gemma4-e2b-full-s1,latih,310,1.0239558219909668
gemma4-e2b-full-s1,latih,320,1.1360095024108887
gemma4-e2b-full-s1,latih,330,1.3642078399658204
gemma4-e2b-full-s1,latih,340,0.9835787773132324
gemma4-e2b-full-s1,latih,350,1.255875301361084
gemma4-e2b-full-s1,latih,360,1.4147948265075683
gemma4-e2b-full-s1,latih,370,1.1705006599426269
gemma4-e2b-full-s1,latih,380,1.4089228630065918
gemma4-e2b-full-s1,latih,390,1.4140839576721191
gemma4-e2b-full-s1,latih,400,1.2423405647277832
gemma4-e2b-full-s1,latih,410,1.0959207534790039
gemma4-e2b-full-s1,latih,420,1.1636696815490724
gemma4-e2b-full-s1,latih,430,1.3683455467224122
gemma4-e2b-full-s1,latih,440,1.321690845489502
gemma4-e2b-full-s1,latih,450,0.9285469055175781
gemma4-e2b-full-s1,latih,460,1.0903168678283692
gemma4-e2b-full-s1,latih,470,1.3937074661254882
gemma4-e2b-full-s1,latih,480,1.1820490837097168
gemma4-e2b-full-s1,latih,490,1.028282928466797
gemma4-e2b-full-s1,latih,500,1.0994522094726562
gemma4-e2b-full-s1,latih,510,1.1407567977905273
gemma4-e2b-full-s1,latih,520,0.9916544914245605
gemma4-e2b-full-s1,latih,530,1.0506551742553711
gemma4-e2b-full-s1,latih,540,1.168525218963623
gemma4-e2b-full-s1,latih,550,1.2231931686401367
gemma4-e2b-full-s1,latih,560,1.0785893440246581
gemma4-e2b-full-s1,latih,570,1.0347342491149902
gemma4-e2b-full-s1,latih,580,1.2768932342529298
gemma4-e2b-full-s1,latih,590,1.194064235687256
gemma4-e2b-full-s1,latih,600,0.8716687202453614
gemma4-e2b-full-s1,latih,610,1.1507782936096191
gemma4-e2b-full-s1,latih,620,1.0341860771179199
gemma4-e2b-full-s1,latih,630,1.0602088928222657
gemma4-e2b-full-s1,latih,640,1.1026011466979981
gemma4-e2b-full-s1,latih,650,1.0568504333496094
gemma4-e2b-full-s1,latih,660,0.9547775268554688
gemma4-e2b-full-s1,latih,670,1.0048913955688477
gemma4-e2b-full-s1,latih,680,0.8816131591796875
gemma4-e2b-full-s1,latih,690,1.2169036865234375
gemma4-e2b-full-s1,latih,700,1.1565125465393067
gemma4-e2b-full-s1,latih,710,0.9297163009643554
gemma4-e2b-full-s1,latih,720,1.0120474815368652
gemma4-e2b-full-s1,latih,730,1.0395901679992676
gemma4-e2b-full-s1,latih,740,0.9918429374694824
gemma4-e2b-full-s1,latih,750,1.0552474975585937
gemma4-e2b-full-s1,latih,760,1.0486736297607422
gemma4-e2b-full-s1,latih,770,0.9553655624389649
gemma4-e2b-full-s1,latih,780,1.0538965225219727
gemma4-e2b-full-s1,latih,790,0.8319379806518554
gemma4-e2b-full-s1,latih,800,1.1797536849975585
gemma4-e2b-full-s1,latih,810,0.9057787895202637
gemma4-e2b-full-s1,latih,820,0.9391642570495605
gemma4-e2b-full-s1,latih,830,1.1374665260314942
gemma4-e2b-full-s1,latih,840,0.8323432922363281
gemma4-e2b-full-s1,latih,850,1.0624894142150878
gemma4-e2b-full-s1,latih,860,0.9918533325195312
gemma4-e2b-full-s1,latih,870,0.9073737144470215
gemma4-e2b-full-s1,latih,880,0.9586644172668457
gemma4-e2b-full-s1,latih,890,1.094728660583496
gemma4-e2b-full-s1,latih,900,0.713258695602417
gemma4-e2b-full-s1,latih,910,0.9116825103759766
gemma4-e2b-full-s1,latih,920,0.7879983425140381
gemma4-e2b-full-s1,latih,930,0.6294980049133301
gemma4-e2b-full-s1,latih,940,0.6375244140625
gemma4-e2b-full-s1,latih,950,0.6569276809692383
gemma4-e2b-full-s1,latih,960,0.7956004619598389
gemma4-e2b-full-s1,latih,970,0.6911854267120361
gemma4-e2b-full-s1,latih,980,0.7010848522186279
gemma4-e2b-full-s1,latih,990,0.6813295364379883
gemma4-e2b-full-s1,latih,1000,0.8563209533691406
gemma4-e2b-full-s1,latih,1010,0.7816599369049072
gemma4-e2b-full-s1,latih,1020,0.6570076942443848
gemma4-e2b-full-s1,latih,1030,0.8714516639709473
gemma4-e2b-full-s1,latih,1040,0.7183334350585937
gemma4-e2b-full-s1,latih,1050,0.6576765060424805
gemma4-e2b-full-s1,latih,1060,0.8893725395202636
gemma4-e2b-full-s1,latih,1070,0.6882403373718262
gemma4-e2b-full-s1,latih,1080,0.720597219467163
gemma4-e2b-full-s1,latih,1090,0.6907894611358643
gemma4-e2b-full-s1,latih,1100,0.734162712097168
gemma4-e2b-full-s1,latih,1110,0.6229460716247559
gemma4-e2b-full-s1,latih,1120,0.45870223045349123
gemma4-e2b-full-s1,latih,1130,0.6414052486419678
gemma4-e2b-full-s1,latih,1140,0.6450111389160156
gemma4-e2b-full-s1,latih,1150,0.6768555641174316
gemma4-e2b-full-s1,latih,1160,0.6874841213226318
gemma4-e2b-full-s1,latih,1170,0.7173900604248047
gemma4-e2b-full-s1,latih,1180,0.6990517616271973
gemma4-e2b-full-s1,latih,1190,0.7372391700744629
gemma4-e2b-full-s1,latih,1200,0.7234179973602295
gemma4-e2b-full-s1,latih,1210,0.66245436668396
gemma4-e2b-full-s1,latih,1220,0.6657272815704346
gemma4-e2b-full-s1,latih,1230,0.5991459846496582
gemma4-e2b-full-s1,latih,1240,0.6163372039794922
gemma4-e2b-full-s1,latih,1250,0.6298446178436279
gemma4-e2b-full-s1,latih,1260,0.6466200828552247
gemma4-e2b-full-s1,latih,1270,0.7996690750122071
gemma4-e2b-full-s1,latih,1280,0.8830814361572266
gemma4-e2b-full-s1,latih,1290,0.5057556629180908
gemma4-e2b-full-s1,latih,1300,0.5325189113616944
gemma4-e2b-full-s1,latih,1310,0.6098005294799804
gemma4-e2b-full-s1,latih,1320,0.43700361251831055
gemma4-e2b-full-s1,latih,1330,0.5615278720855713
gemma4-e2b-full-s1,latih,1340,0.5867971897125244
gemma4-e2b-full-s1,latih,1350,0.638003921508789
gemma4-e2b-full-s1,latih,1360,0.5974928379058838
gemma4-e2b-full-s1,latih,1370,0.6415343761444092
gemma4-e2b-full-s1,latih,1380,0.5449635028839112
gemma4-e2b-full-s1,latih,1390,0.7630622863769532
gemma4-e2b-full-s1,latih,1400,0.605954933166504
gemma4-e2b-full-s1,latih,1410,0.5645068645477295
gemma4-e2b-full-s1,latih,1420,0.43597888946533203
gemma4-e2b-full-s1,latih,1430,0.6060008525848388
gemma4-e2b-full-s1,latih,1440,0.5987567901611328
gemma4-e2b-full-s1,latih,1450,0.5775112628936767
gemma4-e2b-full-s1,latih,1460,0.6724288940429688
gemma4-e2b-full-s1,latih,1470,0.5443595886230469
gemma4-e2b-full-s1,latih,1480,0.5271893501281738
gemma4-e2b-full-s1,latih,1490,0.5495267391204834
gemma4-e2b-full-s1,latih,1500,0.5753056049346924
gemma4-e2b-full-s1,latih,1510,0.6137448787689209
gemma4-e2b-full-s1,latih,1520,0.5017164707183838
gemma4-e2b-full-s1,latih,1530,0.39168663024902345
gemma4-e2b-full-s1,latih,1540,0.46754889488220214
gemma4-e2b-full-s1,latih,1550,0.5253915786743164
gemma4-e2b-full-s1,latih,1560,0.5516929149627685
gemma4-e2b-full-s1,latih,1570,0.44176325798034666
gemma4-e2b-full-s1,latih,1580,0.4671463966369629
gemma4-e2b-full-s1,latih,1590,0.39314587116241456
gemma4-e2b-full-s1,latih,1600,0.5392269611358642
gemma4-e2b-full-s1,latih,1610,0.49002642631530763
gemma4-e2b-full-s1,latih,1620,0.4805948734283447
gemma4-e2b-full-s1,latih,1630,0.44747247695922854
gemma4-e2b-full-s1,latih,1640,0.46348233222961427
gemma4-e2b-full-s1,latih,1650,0.46795949935913084
gemma4-e2b-full-s1,latih,1660,0.47930245399475097
gemma4-e2b-full-s1,latih,1670,0.4274561882019043
gemma4-e2b-full-s1,latih,1680,0.4526823043823242
gemma4-e2b-full-s1,latih,1690,0.47623720169067385
gemma4-e2b-full-s1,latih,1700,0.38126301765441895
gemma4-e2b-full-s1,latih,1710,0.5306860446929932
gemma4-e2b-full-s1,latih,1720,0.4458600044250488
gemma4-e2b-full-s1,latih,1730,0.42968125343322755
gemma4-e2b-full-s1,latih,1740,0.45568242073059084
gemma4-e2b-full-s1,latih,1750,0.47269129753112793
gemma4-e2b-full-s1,latih,1760,0.5096806049346924
gemma4-e2b-full-s1,latih,1770,0.4258401870727539
gemma4-e2b-full-s1,latih,1780,0.5456261157989502
gemma4-e2b-full-s1,latih,1790,0.3505366086959839
gemma4-e2b-full-s1,latih,1800,0.31510398387908933
gemma4-e2b-full-s1,latih,1810,0.2870024681091309
gemma4-e2b-full-s1,latih,1820,0.23283171653747559
gemma4-e2b-full-s1,latih,1830,0.22518680095672608
gemma4-e2b-full-s1,latih,1840,0.2558489561080933
gemma4-e2b-full-s1,latih,1850,0.2399672269821167
gemma4-e2b-full-s1,latih,1860,0.2707269906997681
gemma4-e2b-full-s1,latih,1870,0.23946197032928468
gemma4-e2b-full-s1,latih,1880,0.2682953834533691
gemma4-e2b-full-s1,latih,1890,0.2620836734771729
gemma4-e2b-full-s1,latih,1900,0.23869717121124268
gemma4-e2b-full-s1,latih,1910,0.28444294929504393
gemma4-e2b-full-s1,latih,1920,0.2165360450744629
gemma4-e2b-full-s1,latih,1930,0.25033860206604003
gemma4-e2b-full-s1,latih,1940,0.28074238300323484
gemma4-e2b-full-s1,latih,1950,0.21684513092041016
gemma4-e2b-full-s1,latih,1960,0.22247881889343263
gemma4-e2b-full-s1,latih,1970,0.2320016384124756
gemma4-e2b-full-s1,latih,1980,0.2096620559692383
gemma4-e2b-full-s1,latih,1990,0.23587338924407958
gemma4-e2b-full-s1,latih,2000,0.2470097303390503
gemma4-e2b-full-s1,latih,2010,0.2627411842346191
gemma4-e2b-full-s1,latih,2020,0.24241225719451903
gemma4-e2b-full-s1,latih,2030,0.23983464241027833
gemma4-e2b-full-s1,latih,2040,0.1808994174003601
gemma4-e2b-full-s1,latih,2050,0.19711639881134033
gemma4-e2b-full-s1,latih,2060,0.2167391300201416
gemma4-e2b-full-s1,latih,2070,0.2701223134994507
gemma4-e2b-full-s1,latih,2080,0.22293193340301515
gemma4-e2b-full-s1,latih,2090,0.2802309989929199
gemma4-e2b-full-s1,latih,2100,0.21378257274627685
gemma4-e2b-full-s1,latih,2110,0.24933605194091796
gemma4-e2b-full-s1,latih,2120,0.2318251371383667
gemma4-e2b-full-s1,latih,2130,0.2607816219329834
gemma4-e2b-full-s1,latih,2140,0.2235309362411499
gemma4-e2b-full-s1,latih,2150,0.206421160697937
gemma4-e2b-full-s1,latih,2160,0.22026240825653076
gemma4-e2b-full-s1,latih,2170,0.2436666488647461
gemma4-e2b-full-s1,latih,2180,0.22472622394561767
gemma4-e2b-full-s1,latih,2190,0.2314836025238037
gemma4-e2b-full-s1,latih,2200,0.1853844404220581
gemma4-e2b-full-s1,latih,2210,0.23321852684020997
gemma4-e2b-full-s1,latih,2220,0.274246883392334
gemma4-e2b-full-s1,latih,2230,0.20852975845336913
gemma4-e2b-full-s1,latih,2240,0.23545522689819337
gemma4-e2b-full-s1,latih,2250,0.19406822919845582
gemma4-e2b-full-s1,latih,2260,0.2428671598434448
gemma4-e2b-full-s1,latih,2270,0.2553564548492432
gemma4-e2b-full-s1,latih,2280,0.22918164730072021
gemma4-e2b-full-s1,latih,2290,0.24961814880371094
gemma4-e2b-full-s1,latih,2300,0.22350354194641114
gemma4-e2b-full-s1,latih,2310,0.20415949821472168
gemma4-e2b-full-s1,latih,2320,0.23896541595458984
gemma4-e2b-full-s1,latih,2330,0.17642298936843873
gemma4-e2b-full-s1,latih,2340,0.20787181854248046
gemma4-e2b-full-s1,latih,2350,0.1997939944267273
gemma4-e2b-full-s1,latih,2360,0.2520090341567993
gemma4-e2b-full-s1,latih,2370,0.21641616821289061
gemma4-e2b-full-s1,latih,2380,0.2444941520690918
gemma4-e2b-full-s1,latih,2390,0.19634339809417725
gemma4-e2b-full-s1,latih,2400,0.20019781589508057
gemma4-e2b-full-s1,latih,2410,0.2503425121307373
gemma4-e2b-full-s1,latih,2420,0.19042634963989258
gemma4-e2b-full-s1,latih,2430,0.17567566633224488
gemma4-e2b-full-s1,latih,2440,0.2100832462310791
gemma4-e2b-full-s1,latih,2450,0.1878748893737793
gemma4-e2b-full-s1,latih,2460,0.1999390959739685
gemma4-e2b-full-s1,latih,2470,0.18562660217285157
gemma4-e2b-full-s1,latih,2480,0.18228483200073242
gemma4-e2b-full-s1,latih,2490,0.19160313606262208
gemma4-e2b-full-s1,latih,2500,0.1811448812484741
gemma4-e2b-full-s1,latih,2510,0.202278733253479
gemma4-e2b-full-s1,latih,2520,0.20348803997039794
gemma4-e2b-full-s1,latih,2530,0.1930534839630127
gemma4-e2b-full-s1,latih,2540,0.27721025943756106
gemma4-e2b-full-s1,latih,2550,0.15502735376358032
gemma4-e2b-full-s1,latih,2560,0.24363722801208496
gemma4-e2b-full-s1,latih,2570,0.1498955011367798
gemma4-e2b-full-s1,latih,2580,0.23393261432647705
gemma4-e2b-full-s1,latih,2590,0.1839848518371582
gemma4-e2b-full-s1,latih,2600,0.27626068592071534
gemma4-e2b-full-s1,latih,2610,0.22407734394073486
gemma4-e2b-full-s1,latih,2620,0.20546352863311768
gemma4-e2b-full-s1,latih,2630,0.23479690551757812
gemma4-e2b-full-s1,latih,2640,0.18641573190689087
gemma4-e2b-full-s1,latih,2650,0.2372133255004883
gemma4-e2b-full-s1,latih,2660,0.1997776985168457
gemma4-e2b-full-s1,latih,2670,0.21828153133392333
gemma4-e2b-full-s1,validasi,891,1.0119953155517578
gemma4-e2b-full-s1,validasi,1782,0.5323458909988403
gemma4-e2b-full-s1,validasi,2673,0.4962518811225891
gemma4-e2b-full-s1-final,latih,10,6.91710205078125
gemma4-e2b-full-s1-final,latih,20,3.8573486328125
gemma4-e2b-full-s1-final,latih,30,2.094758987426758
gemma4-e2b-full-s1-final,latih,40,2.13638858795166
gemma4-e2b-full-s1-final,latih,50,2.010230827331543
gemma4-e2b-full-s1-final,latih,60,1.7106143951416015
gemma4-e2b-full-s1-final,latih,70,1.3833355903625488
gemma4-e2b-full-s1-final,latih,80,1.4682782173156739
gemma4-e2b-full-s1-final,latih,90,1.2255273818969727
gemma4-e2b-full-s1-final,latih,100,1.3673346519470215
gemma4-e2b-full-s1-final,latih,110,1.4092098236083985
gemma4-e2b-full-s1-final,latih,120,1.191823959350586
gemma4-e2b-full-s1-final,latih,130,1.2634857177734375
gemma4-e2b-full-s1-final,latih,140,1.3740989685058593
gemma4-e2b-full-s1-final,latih,150,1.2963356018066405
gemma4-e2b-full-s1-final,latih,160,1.3111798286437988
gemma4-e2b-full-s1-final,latih,170,1.237325382232666
gemma4-e2b-full-s1-final,latih,180,1.6247608184814453
gemma4-e2b-full-s1-final,latih,190,1.085888957977295
gemma4-e2b-full-s1-final,latih,200,0.8932020187377929
gemma4-e2b-full-s1-final,latih,210,1.3739566802978516
gemma4-e2b-full-s1-final,latih,220,1.1888606071472168
gemma4-e2b-full-s1-final,latih,230,1.283920669555664
gemma4-e2b-full-s1-final,latih,240,1.085995578765869
gemma4-e2b-full-s1-final,latih,250,1.1005833625793457
gemma4-e2b-full-s1-final,latih,260,1.0790382385253907
gemma4-e2b-full-s1-final,latih,270,1.1267745971679688
gemma4-e2b-full-s1-final,latih,280,1.2281888961791991
gemma4-e2b-full-s1-final,latih,290,1.0834604263305665
gemma4-e2b-full-s1-final,latih,300,1.2686290740966797
gemma4-e2b-full-s1-final,latih,310,0.9989471435546875
gemma4-e2b-full-s1-final,latih,320,1.1019503593444824
gemma4-e2b-full-s1-final,latih,330,1.0306686401367187
gemma4-e2b-full-s1-final,latih,340,0.7516146659851074
gemma4-e2b-full-s1-final,latih,350,1.0337416648864746
gemma4-e2b-full-s1-final,latih,360,1.0598596572875976
gemma4-e2b-full-s1-final,latih,370,1.0902018547058105
gemma4-e2b-full-s1-final,latih,380,1.0058017730712892
gemma4-e2b-full-s1-final,latih,390,0.8519500732421875
gemma4-e2b-full-s1-final,latih,400,0.7109003067016602
gemma4-e2b-full-s1-final,latih,410,0.8503934860229492
gemma4-e2b-full-s1-final,latih,420,1.0314512252807617
gemma4-e2b-full-s1-final,latih,430,1.1133291244506835
gemma4-e2b-full-s1-final,latih,440,0.9352520942687989
gemma4-e2b-full-s1-final,latih,450,1.016829013824463
gemma4-e2b-full-s1-final,latih,460,0.9275581359863281
gemma4-e2b-full-s1-final,latih,470,0.7950129508972168
gemma4-e2b-full-s1-final,latih,480,0.9097764968872071
gemma4-e2b-full-s1-final,latih,490,1.0337199211120605
gemma4-e2b-full-s1-final,latih,500,0.8518258094787597
gemma4-e2b-full-s1-final,latih,510,1.0417816162109375
gemma4-e2b-full-s1-final,latih,520,0.9492319107055665
gemma4-e2b-full-s1-final,latih,530,0.8219258308410644
gemma4-e2b-full-s1-final,latih,540,0.9291699409484864
gemma4-e2b-full-s1-final,latih,550,0.8352909088134766
gemma4-e2b-full-s1-final,latih,560,0.5648277759552002
gemma4-e2b-full-s1-final,latih,570,0.7789330005645752
gemma4-e2b-full-s1-final,latih,580,0.779603099822998
gemma4-e2b-full-s1-final,latih,590,0.7953866004943848
gemma4-e2b-full-s1-final,latih,600,0.7888970851898194
gemma4-e2b-full-s1-final,latih,610,0.7243060111999512
gemma4-e2b-full-s1-final,latih,620,0.920041847229004
gemma4-e2b-full-s1-final,latih,630,0.7560297012329101
gemma4-e2b-full-s1-final,latih,640,0.7342195034027099
gemma4-e2b-full-s1-final,latih,650,0.8621621131896973
gemma4-e2b-full-s1-final,latih,660,0.7129875659942627
gemma4-e2b-full-s1-final,latih,670,0.810706615447998
gemma4-e2b-full-s1-final,latih,680,0.8083349227905273
gemma4-e2b-full-s1-final,latih,690,0.7221747875213623
gemma4-e2b-full-s1-final,latih,700,0.519933032989502
gemma4-e2b-full-s1-final,latih,710,0.8611635208129883
gemma4-e2b-full-s1-final,latih,720,0.692314338684082
gemma4-e2b-full-s1-final,latih,730,0.5422355175018311
gemma4-e2b-full-s1-final,latih,740,0.7470432758331299
gemma4-e2b-full-s1-final,latih,750,0.6590420722961425
gemma4-e2b-full-s1-final,latih,760,0.6288261413574219
gemma4-e2b-full-s1-final,latih,770,0.6145407199859619
gemma4-e2b-full-s1-final,latih,780,0.6782491683959961
gemma4-e2b-full-s1-final,latih,790,0.6957012176513672
gemma4-e2b-full-s1-final,latih,800,0.643154525756836
gemma4-e2b-full-s1-final,latih,810,0.6364495277404785
gemma4-e2b-full-s1-final,latih,820,0.6474563598632812
gemma4-e2b-full-s1-final,latih,830,0.6096567153930664
gemma4-e2b-full-s1-final,latih,840,0.5914604187011718
gemma4-e2b-full-s1-final,latih,850,0.6659654140472412
gemma4-e2b-full-s1-final,latih,860,0.5598292827606202
gemma4-e2b-full-s1-final,latih,870,0.5392688751220703
gemma4-e2b-full-s1-final,latih,880,0.581393814086914
gemma4-e2b-full-s1-final,latih,890,0.7464690685272217
gemma4-e2b-full-s1-final,latih,900,0.7025736808776856
gemma4-e2b-full-s1-final,latih,910,0.5476439952850342
gemma4-e2b-full-s1-final,latih,920,0.5514068126678466
gemma4-e2b-full-s1-final,latih,930,0.6068906307220459
gemma4-e2b-full-s1-final,latih,940,0.5648853302001953
gemma4-e2b-full-s1-final,latih,950,0.5025023937225341
gemma4-e2b-full-s1-final,latih,960,0.663288688659668
gemma4-e2b-full-s1-final,latih,970,0.5020484924316406
gemma4-e2b-full-s1-final,latih,980,0.5344338417053223
gemma4-e2b-full-s1-final,latih,990,0.5267347812652587
gemma4-e2b-full-s1-final,latih,1000,0.5805404663085938
gemma4-e2b-full-s1-final,latih,1010,0.43459477424621584
gemma4-e2b-full-s1-final,latih,1020,0.47986183166503904
gemma4-e2b-full-s1-final,latih,1030,0.61580810546875
gemma4-e2b-full-s1-final,latih,1040,0.4356842994689941
gemma4-e2b-full-s1-final,latih,1050,0.4459794521331787
gemma4-e2b-full-s1-final,latih,1060,0.553795051574707
gemma4-e2b-full-s1-final,latih,1070,0.4842639923095703
gemma4-e2b-full-s1-final,latih,1080,0.5004048347473145
gemma4-e2b-full-s1-final,latih,1090,0.4560851573944092
gemma4-e2b-full-s1-final,latih,1100,0.47890195846557615
gemma4-e2b-full-s1-final,latih,1110,0.3980515956878662
gemma4-e2b-full-s1-final,latih,1120,0.37349720001220704
gemma4-e2b-full-s1-final,latih,1130,0.40140600204467775
gemma4-e2b-full-s1-final,latih,1140,0.5801102161407471
gemma4-e2b-full-s1-final,latih,1150,0.38468663692474364
gemma4-e2b-full-s1-final,latih,1160,0.41617398262023925
gemma4-e2b-full-s1-final,latih,1170,0.38684816360473634
gemma4-e2b-full-s1-final,latih,1180,0.31519649028778074
gemma4-e2b-full-s1-final,latih,1190,0.4740023136138916
gemma4-e2b-full-s1-final,latih,1200,0.45187554359436033
gemma4-e2b-full-s1-final,latih,1210,0.42175469398498533
gemma4-e2b-full-s1-final,latih,1220,0.4429908275604248
gemma4-e2b-full-s1-final,latih,1230,0.46317214965820314
gemma4-e2b-full-s1-final,latih,1240,0.38070049285888674
gemma4-e2b-full-s1-final,latih,1250,0.43988704681396484
gemma4-e2b-full-s1-final,latih,1260,0.34881565570831297
gemma4-e2b-full-s1-final,latih,1270,0.39273934364318847
gemma4-e2b-full-s1-final,latih,1280,0.37061736583709715
gemma4-e2b-full-s1-final,latih,1290,0.43919219970703127
gemma4-e2b-full-s1-final,latih,1300,0.3897921085357666
gemma4-e2b-full-s1-final,latih,1310,0.37480075359344484
gemma4-e2b-full-s1-final,latih,1320,0.21631319522857667
gemma4-e2b-full-s1-final,latih,1330,0.3637269973754883
gemma4-e2b-full-s1-final,latih,1340,0.2772992610931396
gemma4-e2b-full-s1-final,latih,1350,0.2626972198486328
gemma4-e2b-full-s1-final,latih,1360,0.2818605422973633
gemma4-e2b-full-s1-final,latih,1370,0.24549031257629395
gemma4-e2b-full-s1-final,latih,1380,0.27271907329559325
gemma4-e2b-full-s1-final,latih,1390,0.25199098587036134
gemma4-e2b-full-s1-final,latih,1400,0.2931705951690674
gemma4-e2b-full-s1-final,latih,1410,0.2975442886352539
gemma4-e2b-full-s1-final,latih,1420,0.20764169692993165
gemma4-e2b-full-s1-final,latih,1430,0.31162204742431643
gemma4-e2b-full-s1-final,latih,1440,0.23498892784118652
gemma4-e2b-full-s1-final,latih,1450,0.286572003364563
gemma4-e2b-full-s1-final,latih,1460,0.2272185802459717
gemma4-e2b-full-s1-final,latih,1470,0.24022791385650635
gemma4-e2b-full-s1-final,latih,1480,0.2727271318435669
gemma4-e2b-full-s1-final,latih,1490,0.2928657531738281
gemma4-e2b-full-s1-final,latih,1500,0.2437535047531128
gemma4-e2b-full-s1-final,latih,1510,0.2183368682861328
gemma4-e2b-full-s1-final,latih,1520,0.2920429229736328
gemma4-e2b-full-s1-final,latih,1530,0.23925325870513917
gemma4-e2b-full-s1-final,latih,1540,0.2810784101486206
gemma4-e2b-full-s1-final,latih,1550,0.2653069496154785
gemma4-e2b-full-s1-final,latih,1560,0.24640305042266847
gemma4-e2b-full-s1-final,latih,1570,0.25840330123901367
gemma4-e2b-full-s1-final,latih,1580,0.27398104667663575
gemma4-e2b-full-s1-final,latih,1590,0.24059476852416992
gemma4-e2b-full-s1-final,latih,1600,0.23764848709106445
gemma4-e2b-full-s1-final,latih,1610,0.1639113187789917
gemma4-e2b-full-s1-final,latih,1620,0.18621293306350709
gemma4-e2b-full-s1-final,latih,1630,0.16101192235946654
gemma4-e2b-full-s1-final,latih,1640,0.22124056816101073
gemma4-e2b-full-s1-final,latih,1650,0.22578694820404052
gemma4-e2b-full-s1-final,latih,1660,0.2078242778778076
gemma4-e2b-full-s1-final,latih,1670,0.22287435531616212
gemma4-e2b-full-s1-final,latih,1680,0.2563267707824707
gemma4-e2b-full-s1-final,latih,1690,0.2037367343902588
gemma4-e2b-full-s1-final,latih,1700,0.19880094528198242
gemma4-e2b-full-s1-final,latih,1710,0.24206011295318602
gemma4-e2b-full-s1-final,latih,1720,0.21195614337921143
gemma4-e2b-full-s1-final,latih,1730,0.1950448513031006
gemma4-e2b-full-s1-final,latih,1740,0.19439162015914918
gemma4-e2b-full-s1-final,latih,1750,0.20775392055511474
gemma4-e2b-full-s1-final,latih,1760,0.221085262298584
gemma4-e2b-full-s1-final,latih,1770,0.20341999530792237
gemma4-e2b-full-s1-final,latih,1780,0.27021188735961915
gemma4-e2b-full-s1-final,latih,1790,0.21636672019958497
gemma4-e2b-full-s1-final,latih,1800,0.17324466705322267
gemma4-e2b-full-s1-final,latih,1810,0.17784323692321777
gemma4-e2b-full-s1-final,latih,1820,0.19880895614624022
gemma4-e2b-full-s1-final,latih,1830,0.20058889389038087
gemma4-e2b-full-s1-final,latih,1840,0.18879414796829225
gemma4-e2b-full-s1-final,latih,1850,0.19531676769256592
gemma4-e2b-full-s1-final,latih,1860,0.18952677249908448
gemma4-e2b-full-s1-final,latih,1870,0.19492344856262206
gemma4-e2b-full-s1-final,latih,1880,0.19557406902313232
gemma4-e2b-full-s1-final,latih,1890,0.1597559094429016
gemma4-e2b-full-s1-final,latih,1900,0.122502601146698
gemma4-e2b-full-s1-final,latih,1910,0.1225857138633728
gemma4-e2b-full-s1-final,latih,1920,0.17006899118423463
gemma4-e2b-full-s1-final,latih,1930,0.20822818279266359
gemma4-e2b-full-s1-final,latih,1940,0.17568857669830323
gemma4-e2b-full-s1-final,latih,1950,0.19084223508834838
gemma4-e2b-full-s1-final,latih,1960,0.20222201347351074
gemma4-e2b-full-s1-final,latih,1970,0.15503751039505004
gemma4-e2b-full-s1-final,latih,1980,0.19109293222427368
gemma4-e2b-full-s1-final,latih,1990,0.18721342086791992
gemma4-e2b-full-s1-final,latih,2000,0.12868324518203736
gemma4-e2b-full-s1-final,latih,2010,0.17219655513763427
gemma4-e2b-full-s1-final,latih,2020,0.15349431037902833
gemma4-e2b-full-s1-final,latih,2030,0.14235258102416992
gemma4-e2b-full-s1-final,latih,2040,0.19458087682723998
gemma4-e2b-full-s1-final,latih,2050,0.12374610900878906
gemma4-e2b-full-s1-final,latih,2060,0.1608315110206604
gemma4-e2b-full-s1-final,latih,2070,0.20141949653625488
gemma4-e2b-full-s1-final,latih,2080,0.2074587821960449
gemma4-e2b-full-s1-final,latih,2090,0.1944153666496277
gemma4-e2b-full-s1-final,latih,2100,0.14896728992462158
gemma4-e2b-full-s1-final,latih,2110,0.15133111476898192
gemma4-e2b-full-s1-final,latih,2120,0.17250363826751708
gemma4-e2b-full-s1-final,latih,2130,0.13233543634414674
gemma4-e2b-full-s1-final,latih,2140,0.1514404296875
gemma4-e2b-full-s1-final,latih,2150,0.1973964214324951
gemma4-e2b-full-s1-final,latih,2160,0.15966082811355592
gemma4-e2b-full-s1-final,latih,2170,0.14080225229263305
gemma4-e2b-full-s1-final,latih,2180,0.1618044376373291
gemma4-e2b-full-s1-final,latih,2190,0.16106011867523193
gemma4-e2b-full-s1-final,latih,2200,0.17258867025375366
gemma4-e2b-full-s1-final,latih,2210,0.18951544761657715
gemma4-e2b-full-s1-final,latih,2220,0.14394583702087402
gemma4-e2b-full-s1-final,latih,2230,0.18002750873565673
gemma4-e2b-full-s1-final,latih,2240,0.1914949059486389
gemma4-e2b-full-s1-final,latih,2250,0.1704108953475952
gemma4-e2b-full-s1-final,latih,2260,0.09268441200256347
gemma4-e2b-full-s1-final,latih,2270,0.08988344669342041
gemma4-e2b-full-s1-final,latih,2280,0.1510975956916809
gemma4-e2b-full-s1-final,latih,2290,0.18059470653533935
gemma4-e2b-full-s1-final,latih,2300,0.12119724750518798
gemma4-e2b-full-s1-final,latih,2310,0.15573328733444214
gemma4-e2b-full-s1-final,latih,2320,0.12199466228485108
gemma4-e2b-full-s1-final,latih,2330,0.19243234395980835
gemma4-e2b-full-s1-final,latih,2340,0.1314587712287903
gemma4-e2b-full-s1-final,latih,2350,0.1479591965675354
gemma4-e2b-full-s1-final,latih,2360,0.145105242729187
gemma4-e2b-full-s1-final,latih,2370,0.13893141746520996
gemma4-e2b-full-s1-final,latih,2380,0.13869333267211914
gemma4-e2b-full-s1-final,latih,2390,0.15728940963745117
gemma4-e2b-full-s1-final,latih,2400,0.14270933866500854
gemma4-e2b-full-s1-final,latih,2410,0.17844778299331665
gemma4-e2b-full-s1-final,latih,2420,0.15700026750564575
gemma4-e2b-full-s1-final,latih,2430,0.13478873968124389
gemma4-e2b-full-s1-final,latih,2440,0.11863235235214234
gemma4-e2b-full-s1-final,latih,2450,0.13578860759735106
gemma4-e2b-full-s1-final,latih,2460,0.16041619777679444
gemma4-e2b-full-s1-final,latih,2470,0.14748846292495726
gemma4-e2b-full-s1-final,latih,2480,0.10886094570159913
gemma4-e2b-full-s1-final,latih,2490,0.17337685823440552
gemma4-e2b-full-s1-final,latih,2500,0.11520086526870728
gemma4-e2b-full-s1-final,latih,2510,0.1119011402130127
gemma4-e2b-full-s1-final,latih,2520,0.14295274019241333
gemma4-e2b-full-s1-final,latih,2530,0.1627522110939026
gemma4-e2b-full-s1-final,latih,2540,0.11271544694900512
gemma4-e2b-full-s1-final,latih,2550,0.16051582098007203
gemma4-e2b-full-s1-final,latih,2560,0.18077837228775023
gemma4-e2b-full-s1-final,latih,2570,0.10530605316162109
gemma4-e2b-full-s1-final,latih,2580,0.1467587947845459
gemma4-e2b-full-s1-final,latih,2590,0.14047802686691285
gemma4-e2b-full-s1-final,latih,2600,0.1470063328742981
gemma4-e2b-full-s1-final,latih,2610,0.1571058750152588
gemma4-e2b-full-s1-final,validasi,1309,0.39080220460891724
gemma4-e2b-full-s1-final,validasi,2618,0.19716326892375946
gemma4-e2b-full-s1-lr1e4,latih,10,7.009792327880859
gemma4-e2b-full-s1-lr1e4,latih,20,6.4869331359863285
gemma4-e2b-full-s1-lr1e4,latih,30,4.469789123535156
gemma4-e2b-full-s1-lr1e4,latih,40,3.0613447189331056
gemma4-e2b-full-s1-lr1e4,latih,50,2.5014719009399413
gemma4-e2b-full-s1-lr1e4,latih,60,1.795557403564453
gemma4-e2b-full-s1-lr1e4,latih,70,1.5589212417602538
gemma4-e2b-full-s1-lr1e4,latih,80,1.6065380096435546
gemma4-e2b-full-s1-lr1e4,latih,90,1.5375279426574706
gemma4-e2b-full-s1-lr1e4,latih,100,1.5322060585021973
gemma4-e2b-full-s1-lr1e4,latih,110,1.8151763916015624
gemma4-e2b-full-s1-lr1e4,latih,120,1.4545627593994142
gemma4-e2b-full-s1-lr1e4,latih,130,1.288367462158203
gemma4-e2b-full-s1-lr1e4,latih,140,1.421681022644043
gemma4-e2b-full-s1-lr1e4,latih,150,1.5422243118286132
gemma4-e2b-full-s1-lr1e4,latih,160,1.104294204711914
gemma4-e2b-full-s1-lr1e4,latih,170,1.1301807403564452
gemma4-e2b-full-s1-lr1e4,latih,180,1.2825078010559081
gemma4-e2b-full-s1-lr1e4,latih,190,0.8849308967590332
gemma4-e2b-full-s1-lr1e4,latih,200,1.2664652824401856
gemma4-e2b-full-s1-lr1e4,latih,210,1.3314292907714844
gemma4-e2b-full-s1-lr1e4,latih,220,1.173348331451416
gemma4-e2b-full-s1-lr1e4,latih,230,1.2412030220031738
gemma4-e2b-full-s1-lr1e4,latih,240,1.18538236618042
gemma4-e2b-full-s1-lr1e4,latih,250,1.3792744636535645
gemma4-e2b-full-s1-lr1e4,latih,260,1.294098472595215
gemma4-e2b-full-s1-lr1e4,latih,270,1.1513738632202148
gemma4-e2b-full-s1-lr1e4,latih,280,1.1727665901184081
gemma4-e2b-full-s1-lr1e4,latih,290,1.0552651405334472
gemma4-e2b-full-s1-lr1e4,latih,300,1.422767162322998
gemma4-e2b-full-s1-lr1e4,latih,310,0.8880637168884278
gemma4-e2b-full-s1-lr1e4,latih,320,0.908837890625
gemma4-e2b-full-s1-lr1e4,latih,330,1.016459083557129
gemma4-e2b-full-s1-lr1e4,latih,340,0.894225025177002
gemma4-e2b-full-s1-lr1e4,latih,350,1.0558698654174805
gemma4-e2b-full-s1-lr1e4,latih,360,1.123509407043457
gemma4-e2b-full-s1-lr1e4,latih,370,1.0943955421447753
gemma4-e2b-full-s1-lr1e4,latih,380,0.8444911003112793
gemma4-e2b-full-s1-lr1e4,latih,390,0.9755441665649414
gemma4-e2b-full-s1-lr1e4,latih,400,1.314293670654297
gemma4-e2b-full-s1-lr1e4,latih,410,1.046929168701172
gemma4-e2b-full-s1-lr1e4,latih,420,0.9263434410095215
gemma4-e2b-full-s1-lr1e4,latih,430,0.9532886505126953
gemma4-e2b-full-s1-lr1e4,latih,440,0.9277886390686035
gemma4-e2b-full-s1-lr1e4,latih,450,1.1895866394042969
gemma4-e2b-full-s1-lr1e4,latih,460,0.9564892768859863
gemma4-e2b-full-s1-lr1e4,latih,470,0.875706672668457
gemma4-e2b-full-s1-lr1e4,latih,480,0.9641250610351563
gemma4-e2b-full-s1-lr1e4,latih,490,0.9215236663818359
gemma4-e2b-full-s1-lr1e4,latih,500,0.9976834297180176
gemma4-e2b-full-s1-lr1e4,latih,510,0.914774227142334
gemma4-e2b-full-s1-lr1e4,latih,520,0.7647871017456055
gemma4-e2b-full-s1-lr1e4,latih,530,0.9016497611999512
gemma4-e2b-full-s1-lr1e4,latih,540,0.9484624862670898
gemma4-e2b-full-s1-lr1e4,latih,550,1.1693589210510253
gemma4-e2b-full-s1-lr1e4,latih,560,0.9936651229858399
gemma4-e2b-full-s1-lr1e4,latih,570,0.9959654808044434
gemma4-e2b-full-s1-lr1e4,latih,580,0.8241838455200196
gemma4-e2b-full-s1-lr1e4,latih,590,0.9754245758056641
gemma4-e2b-full-s1-lr1e4,latih,600,0.9907480239868164
gemma4-e2b-full-s1-lr1e4,latih,610,1.2548490524291993
gemma4-e2b-full-s1-lr1e4,latih,620,0.7475307941436767
gemma4-e2b-full-s1-lr1e4,latih,630,0.9749920845031739
gemma4-e2b-full-s1-lr1e4,latih,640,0.9042510032653809
gemma4-e2b-full-s1-lr1e4,latih,650,0.7500688076019287
gemma4-e2b-full-s1-lr1e4,latih,660,0.9596271514892578
gemma4-e2b-full-s1-lr1e4,latih,670,0.8488807678222656
gemma4-e2b-full-s1-lr1e4,latih,680,0.909705638885498
gemma4-e2b-full-s1-lr1e4,latih,690,0.6783251285552978
gemma4-e2b-full-s1-lr1e4,latih,700,0.6748041629791259
gemma4-e2b-full-s1-lr1e4,latih,710,0.8116706848144531
gemma4-e2b-full-s1-lr1e4,latih,720,0.913662052154541
gemma4-e2b-full-s1-lr1e4,latih,730,0.8122135162353515
gemma4-e2b-full-s1-lr1e4,latih,740,0.7522752761840821
gemma4-e2b-full-s1-lr1e4,latih,750,0.9888250350952148
gemma4-e2b-full-s1-lr1e4,latih,760,0.8566315650939942
gemma4-e2b-full-s1-lr1e4,latih,770,0.8613732337951661
gemma4-e2b-full-s1-lr1e4,latih,780,0.6400969982147217
gemma4-e2b-full-s1-lr1e4,latih,790,0.9109582901000977
gemma4-e2b-full-s1-lr1e4,latih,800,0.7059531688690186
gemma4-e2b-full-s1-lr1e4,latih,810,0.640661096572876
gemma4-e2b-full-s1-lr1e4,latih,820,0.843651008605957
gemma4-e2b-full-s1-lr1e4,latih,830,0.9889678955078125
gemma4-e2b-full-s1-lr1e4,latih,840,0.6685350418090821
gemma4-e2b-full-s1-lr1e4,latih,850,0.7514007091522217
gemma4-e2b-full-s1-lr1e4,latih,860,0.5647950649261475
gemma4-e2b-full-s1-lr1e4,latih,870,0.7076239585876465
gemma4-e2b-full-s1-lr1e4,latih,880,0.6948682785034179
gemma4-e2b-full-s1-lr1e4,latih,890,0.7438946723937988
gemma4-e2b-full-s1-lr1e4,latih,900,0.6800716876983642
gemma4-e2b-full-s1-lr1e4,latih,910,0.6160636901855469
gemma4-e2b-full-s1-lr1e4,latih,920,0.6803008079528808
gemma4-e2b-full-s1-lr1e4,latih,930,0.7529906272888184
gemma4-e2b-full-s1-lr1e4,latih,940,0.9185038566589355
gemma4-e2b-full-s1-lr1e4,latih,950,0.6140345573425293
gemma4-e2b-full-s1-lr1e4,latih,960,0.8326020240783691
gemma4-e2b-full-s1-lr1e4,latih,970,0.7097460746765136
gemma4-e2b-full-s1-lr1e4,latih,980,0.6219470500946045
gemma4-e2b-full-s1-lr1e4,latih,990,0.6606489181518554
gemma4-e2b-full-s1-lr1e4,latih,1000,0.9326647758483887
gemma4-e2b-full-s1-lr1e4,latih,1010,0.7204838275909424
gemma4-e2b-full-s1-lr1e4,latih,1020,0.7069390296936036
gemma4-e2b-full-s1-lr1e4,latih,1030,0.7669976234436036
gemma4-e2b-full-s1-lr1e4,latih,1040,0.6320960521697998
gemma4-e2b-full-s1-lr1e4,latih,1050,0.6206306457519531
gemma4-e2b-full-s1-lr1e4,latih,1060,0.6308876037597656
gemma4-e2b-full-s1-lr1e4,latih,1070,0.4870002269744873
gemma4-e2b-full-s1-lr1e4,latih,1080,0.6824558734893799
gemma4-e2b-full-s1-lr1e4,latih,1090,0.7348641395568848
gemma4-e2b-full-s1-lr1e4,latih,1100,0.5960934638977051
gemma4-e2b-full-s1-lr1e4,latih,1110,0.6136646270751953
gemma4-e2b-full-s1-lr1e4,latih,1120,0.6973213195800781
gemma4-e2b-full-s1-lr1e4,latih,1130,0.541898775100708
gemma4-e2b-full-s1-lr1e4,latih,1140,0.5228836059570312
gemma4-e2b-full-s1-lr1e4,latih,1150,0.5334715366363525
gemma4-e2b-full-s1-lr1e4,latih,1160,0.5700536727905273
gemma4-e2b-full-s1-lr1e4,latih,1170,0.6041447162628174
gemma4-e2b-full-s1-lr1e4,latih,1180,0.7128681182861328
gemma4-e2b-full-s1-lr1e4,latih,1190,0.5137997627258301
gemma4-e2b-full-s1-lr1e4,latih,1200,0.65159010887146
gemma4-e2b-full-s1-lr1e4,latih,1210,0.6522084236145019
gemma4-e2b-full-s1-lr1e4,latih,1220,0.5390742301940918
gemma4-e2b-full-s1-lr1e4,latih,1230,0.4712014675140381
gemma4-e2b-full-s1-lr1e4,latih,1240,0.7349049091339112
gemma4-e2b-full-s1-lr1e4,latih,1250,0.46478729248046874
gemma4-e2b-full-s1-lr1e4,latih,1260,0.6053543090820312
gemma4-e2b-full-s1-lr1e4,latih,1270,0.6446324825286865
gemma4-e2b-full-s1-lr1e4,latih,1280,0.5845455169677735
gemma4-e2b-full-s1-lr1e4,latih,1290,0.5925291538238525
gemma4-e2b-full-s1-lr1e4,latih,1300,0.5305436134338379
gemma4-e2b-full-s1-lr1e4,latih,1310,0.46112995147705077
gemma4-e2b-full-s1-lr1e4,latih,1320,0.42693614959716797
gemma4-e2b-full-s1-lr1e4,latih,1330,0.41550002098083494
gemma4-e2b-full-s1-lr1e4,latih,1340,0.49518570899963377
gemma4-e2b-full-s1-lr1e4,latih,1350,0.44860172271728516
gemma4-e2b-full-s1-lr1e4,latih,1360,0.3667221307754517
gemma4-e2b-full-s1-lr1e4,latih,1370,0.3732170820236206
gemma4-e2b-full-s1-lr1e4,latih,1380,0.49645137786865234
gemma4-e2b-full-s1-lr1e4,latih,1390,0.4549543857574463
gemma4-e2b-full-s1-lr1e4,latih,1400,0.4947059154510498
gemma4-e2b-full-s1-lr1e4,latih,1410,0.4267606735229492
gemma4-e2b-full-s1-lr1e4,latih,1420,0.3612609148025513
gemma4-e2b-full-s1-lr1e4,latih,1430,0.3655232906341553
gemma4-e2b-full-s1-lr1e4,latih,1440,0.4365483283996582
gemma4-e2b-full-s1-lr1e4,latih,1450,0.4019209861755371
gemma4-e2b-full-s1-lr1e4,latih,1460,0.40403118133544924
gemma4-e2b-full-s1-lr1e4,latih,1470,0.44893741607666016
gemma4-e2b-full-s1-lr1e4,latih,1480,0.4407049655914307
gemma4-e2b-full-s1-lr1e4,latih,1490,0.384191107749939
gemma4-e2b-full-s1-lr1e4,latih,1500,0.3541841745376587
gemma4-e2b-full-s1-lr1e4,latih,1510,0.3814552307128906
gemma4-e2b-full-s1-lr1e4,latih,1520,0.3987014055252075
gemma4-e2b-full-s1-lr1e4,latih,1530,0.3631397485733032
gemma4-e2b-full-s1-lr1e4,latih,1540,0.37012197971343996
gemma4-e2b-full-s1-lr1e4,latih,1550,0.32096426486968993
gemma4-e2b-full-s1-lr1e4,latih,1560,0.36126155853271485
gemma4-e2b-full-s1-lr1e4,latih,1570,0.3682582855224609
gemma4-e2b-full-s1-lr1e4,latih,1580,0.43140535354614257
gemma4-e2b-full-s1-lr1e4,latih,1590,0.4157369613647461
gemma4-e2b-full-s1-lr1e4,latih,1600,0.29740827083587645
gemma4-e2b-full-s1-lr1e4,latih,1610,0.3703498601913452
gemma4-e2b-full-s1-lr1e4,latih,1620,0.3744974136352539
gemma4-e2b-full-s1-lr1e4,latih,1630,0.3187107563018799
gemma4-e2b-full-s1-lr1e4,latih,1640,0.340985631942749
gemma4-e2b-full-s1-lr1e4,latih,1650,0.40730013847351076
gemma4-e2b-full-s1-lr1e4,latih,1660,0.35313236713409424
gemma4-e2b-full-s1-lr1e4,latih,1670,0.3055744647979736
gemma4-e2b-full-s1-lr1e4,latih,1680,0.28740973472595216
gemma4-e2b-full-s1-lr1e4,latih,1690,0.3884588241577148
gemma4-e2b-full-s1-lr1e4,latih,1700,0.3874657392501831
gemma4-e2b-full-s1-lr1e4,latih,1710,0.35178945064544676
gemma4-e2b-full-s1-lr1e4,latih,1720,0.29661216735839846
gemma4-e2b-full-s1-lr1e4,latih,1730,0.3101926326751709
gemma4-e2b-full-s1-lr1e4,latih,1740,0.3894865274429321
gemma4-e2b-full-s1-lr1e4,latih,1750,0.31510946750640867
gemma4-e2b-full-s1-lr1e4,latih,1760,0.25982530117034913
gemma4-e2b-full-s1-lr1e4,latih,1770,0.31324520111083987
gemma4-e2b-full-s1-lr1e4,latih,1780,0.397375226020813
gemma4-e2b-full-s1-lr1e4,latih,1790,0.2689279317855835
gemma4-e2b-full-s1-lr1e4,latih,1800,0.3187565326690674
gemma4-e2b-full-s1-lr1e4,latih,1810,0.38392608165740966
gemma4-e2b-full-s1-lr1e4,latih,1820,0.3309705972671509
gemma4-e2b-full-s1-lr1e4,latih,1830,0.3188634872436523
gemma4-e2b-full-s1-lr1e4,latih,1840,0.29073777198791506
gemma4-e2b-full-s1-lr1e4,latih,1850,0.42592806816101075
gemma4-e2b-full-s1-lr1e4,latih,1860,0.2914024591445923
gemma4-e2b-full-s1-lr1e4,latih,1870,0.39546501636505127
gemma4-e2b-full-s1-lr1e4,latih,1880,0.33911092281341554
gemma4-e2b-full-s1-lr1e4,latih,1890,0.3214030981063843
gemma4-e2b-full-s1-lr1e4,latih,1900,0.3117650270462036
gemma4-e2b-full-s1-lr1e4,latih,1910,0.32488079071044923
gemma4-e2b-full-s1-lr1e4,latih,1920,0.24863789081573487
gemma4-e2b-full-s1-lr1e4,latih,1930,0.23207740783691405
gemma4-e2b-full-s1-lr1e4,latih,1940,0.2483355760574341
gemma4-e2b-full-s1-lr1e4,latih,1950,0.32930893898010255
gemma4-e2b-full-s1-lr1e4,latih,1960,0.3247755289077759
gemma4-e2b-full-s1-lr1e4,latih,1970,0.28402698040008545
gemma4-e2b-full-s1-lr1e4,latih,1980,0.3406935930252075
gemma4-e2b-full-s1-lr1e4,latih,1990,0.2986013174057007
gemma4-e2b-full-s1-lr1e4,latih,2000,0.27755327224731446
gemma4-e2b-full-s1-lr1e4,latih,2010,0.3431749105453491
gemma4-e2b-full-s1-lr1e4,latih,2020,0.301700496673584
gemma4-e2b-full-s1-lr1e4,latih,2030,0.2798792600631714
gemma4-e2b-full-s1-lr1e4,latih,2040,0.298425030708313
gemma4-e2b-full-s1-lr1e4,latih,2050,0.3187783002853394
gemma4-e2b-full-s1-lr1e4,latih,2060,0.35798959732055663
gemma4-e2b-full-s1-lr1e4,latih,2070,0.2586766004562378
gemma4-e2b-full-s1-lr1e4,latih,2080,0.28715498447418214
gemma4-e2b-full-s1-lr1e4,latih,2090,0.34891247749328613
gemma4-e2b-full-s1-lr1e4,latih,2100,0.2810856580734253
gemma4-e2b-full-s1-lr1e4,latih,2110,0.24092092514038085
gemma4-e2b-full-s1-lr1e4,latih,2120,0.2796623945236206
gemma4-e2b-full-s1-lr1e4,latih,2130,0.2919429063796997
gemma4-e2b-full-s1-lr1e4,latih,2140,0.2838193416595459
gemma4-e2b-full-s1-lr1e4,latih,2150,0.3166812419891357
gemma4-e2b-full-s1-lr1e4,latih,2160,0.22124605178833007
gemma4-e2b-full-s1-lr1e4,latih,2170,0.20937690734863282
gemma4-e2b-full-s1-lr1e4,latih,2180,0.2681844711303711
gemma4-e2b-full-s1-lr1e4,latih,2190,0.3483074426651001
gemma4-e2b-full-s1-lr1e4,latih,2200,0.2554765701293945
gemma4-e2b-full-s1-lr1e4,latih,2210,0.2751063346862793
gemma4-e2b-full-s1-lr1e4,latih,2220,0.213982892036438
gemma4-e2b-full-s1-lr1e4,latih,2230,0.21985671520233155
gemma4-e2b-full-s1-lr1e4,latih,2240,0.2689239978790283
gemma4-e2b-full-s1-lr1e4,latih,2250,0.2899176597595215
gemma4-e2b-full-s1-lr1e4,latih,2260,0.2655273199081421
gemma4-e2b-full-s1-lr1e4,latih,2270,0.228564453125
gemma4-e2b-full-s1-lr1e4,latih,2280,0.3332906007766724
gemma4-e2b-full-s1-lr1e4,latih,2290,0.24964234828948975
gemma4-e2b-full-s1-lr1e4,latih,2300,0.24891562461853028
gemma4-e2b-full-s1-lr1e4,latih,2310,0.23341724872589112
gemma4-e2b-full-s1-lr1e4,latih,2320,0.2788050413131714
gemma4-e2b-full-s1-lr1e4,latih,2330,0.2916065216064453
gemma4-e2b-full-s1-lr1e4,latih,2340,0.2515751361846924
gemma4-e2b-full-s1-lr1e4,latih,2350,0.24752068519592285
gemma4-e2b-full-s1-lr1e4,latih,2360,0.24435670375823976
gemma4-e2b-full-s1-lr1e4,latih,2370,0.2816840410232544
gemma4-e2b-full-s1-lr1e4,latih,2380,0.2522639513015747
gemma4-e2b-full-s1-lr1e4,latih,2390,0.24007272720336914
gemma4-e2b-full-s1-lr1e4,latih,2400,0.32950875759124754
gemma4-e2b-full-s1-lr1e4,latih,2410,0.28276050090789795
gemma4-e2b-full-s1-lr1e4,latih,2420,0.20111534595489503
gemma4-e2b-full-s1-lr1e4,latih,2430,0.25792243480682375
gemma4-e2b-full-s1-lr1e4,latih,2440,0.2252117156982422
gemma4-e2b-full-s1-lr1e4,latih,2450,0.23226590156555177
gemma4-e2b-full-s1-lr1e4,latih,2460,0.25803985595703127
gemma4-e2b-full-s1-lr1e4,latih,2470,0.24762098789215087
gemma4-e2b-full-s1-lr1e4,latih,2480,0.23805482387542726
gemma4-e2b-full-s1-lr1e4,latih,2490,0.24931092262268068
gemma4-e2b-full-s1-lr1e4,latih,2500,0.21115193367004395
gemma4-e2b-full-s1-lr1e4,latih,2510,0.2401329755783081
gemma4-e2b-full-s1-lr1e4,latih,2520,0.24861981868743896
gemma4-e2b-full-s1-lr1e4,latih,2530,0.27790217399597167
gemma4-e2b-full-s1-lr1e4,latih,2540,0.1996849298477173
gemma4-e2b-full-s1-lr1e4,latih,2550,0.34643146991729734
gemma4-e2b-full-s1-lr1e4,latih,2560,0.2600111484527588
gemma4-e2b-full-s1-lr1e4,latih,2570,0.25061497688293455
gemma4-e2b-full-s1-lr1e4,latih,2580,0.2601722002029419
gemma4-e2b-full-s1-lr1e4,latih,2590,0.23699960708618165
gemma4-e2b-full-s1-lr1e4,latih,2600,0.22783961296081542
gemma4-e2b-full-s1-lr1e4,latih,2610,0.31553494930267334
gemma4-e2b-full-s1-lr1e4,latih,2620,0.21511547565460204
gemma4-e2b-full-s1-lr1e4,validasi,1311,0.5777836441993713
gemma4-e2b-full-s1-lr1e4,validasi,2622,0.3929694592952728
gemma4-e2b-full-s1-lr4e4,latih,10,6.838282775878906
gemma4-e2b-full-s1-lr4e4,latih,20,4.120422744750977
gemma4-e2b-full-s1-lr4e4,latih,30,2.313615417480469
gemma4-e2b-full-s1-lr4e4,latih,40,2.099576950073242
gemma4-e2b-full-s1-lr4e4,latih,50,1.961375617980957
gemma4-e2b-full-s1-lr4e4,latih,60,1.4123055458068847
gemma4-e2b-full-s1-lr4e4,latih,70,1.330806064605713
gemma4-e2b-full-s1-lr4e4,latih,80,1.4079195976257324
gemma4-e2b-full-s1-lr4e4,latih,90,1.3729148864746095
gemma4-e2b-full-s1-lr4e4,latih,100,1.3898248672485352
gemma4-e2b-full-s1-lr4e4,latih,110,1.759811782836914
gemma4-e2b-full-s1-lr4e4,latih,120,1.3459084510803223
gemma4-e2b-full-s1-lr4e4,latih,130,1.2293900489807128
gemma4-e2b-full-s1-lr4e4,latih,140,1.3712255477905273
gemma4-e2b-full-s1-lr4e4,latih,150,1.485471820831299
gemma4-e2b-full-s1-lr4e4,latih,160,1.0452045440673827
gemma4-e2b-full-s1-lr4e4,latih,170,1.080642318725586
gemma4-e2b-full-s1-lr4e4,latih,180,1.2111868858337402
gemma4-e2b-full-s1-lr4e4,latih,190,0.8753623962402344
gemma4-e2b-full-s1-lr4e4,latih,200,1.2226537704467773
gemma4-e2b-full-s1-lr4e4,latih,210,1.2828814506530761
gemma4-e2b-full-s1-lr4e4,latih,220,1.1164910316467285
gemma4-e2b-full-s1-lr4e4,latih,230,1.2147735595703124
gemma4-e2b-full-s1-lr4e4,latih,240,1.1510802268981934
gemma4-e2b-full-s1-lr4e4,latih,250,1.3097158432006837
gemma4-e2b-full-s1-lr4e4,latih,260,1.2275463104248048
gemma4-e2b-full-s1-lr4e4,latih,270,1.1147366523742677
gemma4-e2b-full-s1-lr4e4,latih,280,1.1010009765625
gemma4-e2b-full-s1-lr4e4,latih,290,1.0209753036499023
gemma4-e2b-full-s1-lr4e4,latih,300,1.350516414642334
gemma4-e2b-full-s1-lr4e4,latih,310,0.8467962265014648
gemma4-e2b-full-s1-lr4e4,latih,320,0.8629233360290527
gemma4-e2b-full-s1-lr4e4,latih,330,1.0077240943908692
gemma4-e2b-full-s1-lr4e4,latih,340,0.8225159645080566
gemma4-e2b-full-s1-lr4e4,latih,350,1.011167049407959
gemma4-e2b-full-s1-lr4e4,latih,360,1.0598962783813477
gemma4-e2b-full-s1-lr4e4,latih,370,1.0232858657836914
gemma4-e2b-full-s1-lr4e4,latih,380,0.8442533493041993
gemma4-e2b-full-s1-lr4e4,latih,390,0.9374545097351075
gemma4-e2b-full-s1-lr4e4,latih,400,1.22608642578125
gemma4-e2b-full-s1-lr4e4,latih,410,0.9554580688476563
gemma4-e2b-full-s1-lr4e4,latih,420,0.8621725082397461
gemma4-e2b-full-s1-lr4e4,latih,430,0.8601592063903809
gemma4-e2b-full-s1-lr4e4,latih,440,0.8578283309936523
gemma4-e2b-full-s1-lr4e4,latih,450,1.1343372344970704
gemma4-e2b-full-s1-lr4e4,latih,460,0.8803430557250976
gemma4-e2b-full-s1-lr4e4,latih,470,0.8034334182739258
gemma4-e2b-full-s1-lr4e4,latih,480,0.9081246376037597
gemma4-e2b-full-s1-lr4e4,latih,490,0.8892421722412109
gemma4-e2b-full-s1-lr4e4,latih,500,0.8690289497375489
gemma4-e2b-full-s1-lr4e4,latih,510,0.8843781471252441
gemma4-e2b-full-s1-lr4e4,latih,520,0.7169162273406983
gemma4-e2b-full-s1-lr4e4,latih,530,0.8233206748962403
gemma4-e2b-full-s1-lr4e4,latih,540,0.8651181221008301
gemma4-e2b-full-s1-lr4e4,latih,550,1.0002453804016114
gemma4-e2b-full-s1-lr4e4,latih,560,0.9254245758056641
gemma4-e2b-full-s1-lr4e4,latih,570,0.8949023246765136
gemma4-e2b-full-s1-lr4e4,latih,580,0.7350484371185303
gemma4-e2b-full-s1-lr4e4,latih,590,0.8732716560363769
gemma4-e2b-full-s1-lr4e4,latih,600,0.8563547134399414
gemma4-e2b-full-s1-lr4e4,latih,610,1.0546085357666015
gemma4-e2b-full-s1-lr4e4,latih,620,0.6522574901580811
gemma4-e2b-full-s1-lr4e4,latih,630,0.7938027858734131
gemma4-e2b-full-s1-lr4e4,latih,640,0.7758468151092529
gemma4-e2b-full-s1-lr4e4,latih,650,0.6683341979980468
gemma4-e2b-full-s1-lr4e4,latih,660,0.7900028705596924
gemma4-e2b-full-s1-lr4e4,latih,670,0.7403975009918213
gemma4-e2b-full-s1-lr4e4,latih,680,0.7921478748321533
gemma4-e2b-full-s1-lr4e4,latih,690,0.6167907238006591
gemma4-e2b-full-s1-lr4e4,latih,700,0.6097577571868896
gemma4-e2b-full-s1-lr4e4,latih,710,0.682289981842041
gemma4-e2b-full-s1-lr4e4,latih,720,0.7741238594055175
gemma4-e2b-full-s1-lr4e4,latih,730,0.6472802639007569
gemma4-e2b-full-s1-lr4e4,latih,740,0.6065941333770752
gemma4-e2b-full-s1-lr4e4,latih,750,0.8307507514953614
gemma4-e2b-full-s1-lr4e4,latih,760,0.6963540554046631
gemma4-e2b-full-s1-lr4e4,latih,770,0.6869625091552735
gemma4-e2b-full-s1-lr4e4,latih,780,0.558085584640503
gemma4-e2b-full-s1-lr4e4,latih,790,0.7938867568969726
gemma4-e2b-full-s1-lr4e4,latih,800,0.6161162853240967
gemma4-e2b-full-s1-lr4e4,latih,810,0.4935295581817627
gemma4-e2b-full-s1-lr4e4,latih,820,0.7017683506011962
gemma4-e2b-full-s1-lr4e4,latih,830,0.7694911956787109
gemma4-e2b-full-s1-lr4e4,latih,840,0.556650447845459
gemma4-e2b-full-s1-lr4e4,latih,850,0.5777037620544434
gemma4-e2b-full-s1-lr4e4,latih,860,0.4927180290222168
gemma4-e2b-full-s1-lr4e4,latih,870,0.5845074653625488
gemma4-e2b-full-s1-lr4e4,latih,880,0.5495537757873535
gemma4-e2b-full-s1-lr4e4,latih,890,0.5494994163513184
gemma4-e2b-full-s1-lr4e4,latih,900,0.5344789505004883
gemma4-e2b-full-s1-lr4e4,latih,910,0.5220389366149902
gemma4-e2b-full-s1-lr4e4,latih,920,0.532178544998169
gemma4-e2b-full-s1-lr4e4,latih,930,0.6511717319488526
gemma4-e2b-full-s1-lr4e4,latih,940,0.7911814212799072
gemma4-e2b-full-s1-lr4e4,latih,950,0.5139786243438721
gemma4-e2b-full-s1-lr4e4,latih,960,0.592797327041626
gemma4-e2b-full-s1-lr4e4,latih,970,0.5587557315826416
gemma4-e2b-full-s1-lr4e4,latih,980,0.5139543056488037
gemma4-e2b-full-s1-lr4e4,latih,990,0.5483747482299804
gemma4-e2b-full-s1-lr4e4,latih,1000,0.7233128547668457
gemma4-e2b-full-s1-lr4e4,latih,1010,0.5717131614685058
gemma4-e2b-full-s1-lr4e4,latih,1020,0.5682136535644531
gemma4-e2b-full-s1-lr4e4,latih,1030,0.6019320964813233
gemma4-e2b-full-s1-lr4e4,latih,1040,0.5154006481170654
gemma4-e2b-full-s1-lr4e4,latih,1050,0.44433164596557617
gemma4-e2b-full-s1-lr4e4,latih,1060,0.4810235023498535
gemma4-e2b-full-s1-lr4e4,latih,1070,0.4169449329376221
gemma4-e2b-full-s1-lr4e4,latih,1080,0.45114755630493164
gemma4-e2b-full-s1-lr4e4,latih,1090,0.5699774742126464
gemma4-e2b-full-s1-lr4e4,latih,1100,0.4727388858795166
gemma4-e2b-full-s1-lr4e4,latih,1110,0.49886465072631836
gemma4-e2b-full-s1-lr4e4,latih,1120,0.5358304500579834
gemma4-e2b-full-s1-lr4e4,latih,1130,0.4530019760131836
gemma4-e2b-full-s1-lr4e4,latih,1140,0.41910929679870607
gemma4-e2b-full-s1-lr4e4,latih,1150,0.4081867694854736
gemma4-e2b-full-s1-lr4e4,latih,1160,0.4235875129699707
gemma4-e2b-full-s1-lr4e4,latih,1170,0.49905824661254883
gemma4-e2b-full-s1-lr4e4,latih,1180,0.5252484321594239
gemma4-e2b-full-s1-lr4e4,latih,1190,0.3755022525787354
gemma4-e2b-full-s1-lr4e4,latih,1200,0.4357079029083252
gemma4-e2b-full-s1-lr4e4,latih,1210,0.4998105525970459
gemma4-e2b-full-s1-lr4e4,latih,1220,0.40676488876342776
gemma4-e2b-full-s1-lr4e4,latih,1230,0.38043363094329835
gemma4-e2b-full-s1-lr4e4,latih,1240,0.5616962909698486
gemma4-e2b-full-s1-lr4e4,latih,1250,0.3682094573974609
gemma4-e2b-full-s1-lr4e4,latih,1260,0.40828866958618165
gemma4-e2b-full-s1-lr4e4,latih,1270,0.4371801376342773
gemma4-e2b-full-s1-lr4e4,latih,1280,0.39174041748046873
gemma4-e2b-full-s1-lr4e4,latih,1290,0.43791966438293456
gemma4-e2b-full-s1-lr4e4,latih,1300,0.36177573204040525
gemma4-e2b-full-s1-lr4e4,latih,1310,0.3712268829345703
gemma4-e2b-full-s1-lr4e4,latih,1320,0.31695621013641356
gemma4-e2b-full-s1-lr4e4,latih,1330,0.3305678844451904
gemma4-e2b-full-s1-lr4e4,latih,1340,0.2974292993545532
gemma4-e2b-full-s1-lr4e4,latih,1350,0.3173102378845215
gemma4-e2b-full-s1-lr4e4,latih,1360,0.26487207412719727
gemma4-e2b-full-s1-lr4e4,latih,1370,0.2987110376358032
gemma4-e2b-full-s1-lr4e4,latih,1380,0.4018805503845215
gemma4-e2b-full-s1-lr4e4,latih,1390,0.35943191051483153
gemma4-e2b-full-s1-lr4e4,latih,1400,0.34101970195770265
gemma4-e2b-full-s1-lr4e4,latih,1410,0.3049513339996338
gemma4-e2b-full-s1-lr4e4,latih,1420,0.24565589427947998
gemma4-e2b-full-s1-lr4e4,latih,1430,0.2989016056060791
gemma4-e2b-full-s1-lr4e4,latih,1440,0.2896627902984619
gemma4-e2b-full-s1-lr4e4,latih,1450,0.2668678998947144
gemma4-e2b-full-s1-lr4e4,latih,1460,0.30748417377471926
gemma4-e2b-full-s1-lr4e4,latih,1470,0.31363940238952637
gemma4-e2b-full-s1-lr4e4,latih,1480,0.2823744297027588
gemma4-e2b-full-s1-lr4e4,latih,1490,0.3096023082733154
gemma4-e2b-full-s1-lr4e4,latih,1500,0.24390907287597657
gemma4-e2b-full-s1-lr4e4,latih,1510,0.3022523164749146
gemma4-e2b-full-s1-lr4e4,latih,1520,0.28621225357055663
gemma4-e2b-full-s1-lr4e4,latih,1530,0.272379469871521
gemma4-e2b-full-s1-lr4e4,latih,1540,0.24434211254119872
gemma4-e2b-full-s1-lr4e4,latih,1550,0.22791700363159179
gemma4-e2b-full-s1-lr4e4,latih,1560,0.25795037746429444
gemma4-e2b-full-s1-lr4e4,latih,1570,0.27251262664794923
gemma4-e2b-full-s1-lr4e4,latih,1580,0.29102041721343996
gemma4-e2b-full-s1-lr4e4,latih,1590,0.24380092620849608
gemma4-e2b-full-s1-lr4e4,latih,1600,0.22307963371276857
gemma4-e2b-full-s1-lr4e4,latih,1610,0.24398519992828369
gemma4-e2b-full-s1-lr4e4,latih,1620,0.25623416900634766
gemma4-e2b-full-s1-lr4e4,latih,1630,0.24364476203918456
gemma4-e2b-full-s1-lr4e4,latih,1640,0.21551182270050048
gemma4-e2b-full-s1-lr4e4,latih,1650,0.277001690864563
gemma4-e2b-full-s1-lr4e4,latih,1660,0.24263033866882325
gemma4-e2b-full-s1-lr4e4,latih,1670,0.17499353885650634
gemma4-e2b-full-s1-lr4e4,latih,1680,0.19220420122146606
gemma4-e2b-full-s1-lr4e4,latih,1690,0.2424168586730957
gemma4-e2b-full-s1-lr4e4,latih,1700,0.3038093090057373
gemma4-e2b-full-s1-lr4e4,latih,1710,0.23522367477416992
gemma4-e2b-full-s1-lr4e4,latih,1720,0.19457015991210938
gemma4-e2b-full-s1-lr4e4,latih,1730,0.19131569862365722
gemma4-e2b-full-s1-lr4e4,latih,1740,0.24270472526550294
gemma4-e2b-full-s1-lr4e4,latih,1750,0.17128385305404664
gemma4-e2b-full-s1-lr4e4,latih,1760,0.2015204668045044
gemma4-e2b-full-s1-lr4e4,latih,1770,0.2021636962890625
gemma4-e2b-full-s1-lr4e4,latih,1780,0.2665564060211182
gemma4-e2b-full-s1-lr4e4,latih,1790,0.19195739030838013
gemma4-e2b-full-s1-lr4e4,latih,1800,0.22876360416412353
gemma4-e2b-full-s1-lr4e4,latih,1810,0.2007427453994751
gemma4-e2b-full-s1-lr4e4,latih,1820,0.22666435241699218
gemma4-e2b-full-s1-lr4e4,latih,1830,0.2414236307144165
gemma4-e2b-full-s1-lr4e4,latih,1840,0.196263325214386
gemma4-e2b-full-s1-lr4e4,latih,1850,0.21752009391784669
gemma4-e2b-full-s1-lr4e4,latih,1860,0.21603498458862305
gemma4-e2b-full-s1-lr4e4,latih,1870,0.26872544288635253
gemma4-e2b-full-s1-lr4e4,latih,1880,0.19115331172943115
gemma4-e2b-full-s1-lr4e4,latih,1890,0.21819422245025635
gemma4-e2b-full-s1-lr4e4,latih,1900,0.1820358395576477
gemma4-e2b-full-s1-lr4e4,latih,1910,0.18341907262802123
gemma4-e2b-full-s1-lr4e4,latih,1920,0.16822330951690673
gemma4-e2b-full-s1-lr4e4,latih,1930,0.14186221361160278
gemma4-e2b-full-s1-lr4e4,latih,1940,0.15053292512893676
gemma4-e2b-full-s1-lr4e4,latih,1950,0.21948277950286865
gemma4-e2b-full-s1-lr4e4,latih,1960,0.18358640670776366
gemma4-e2b-full-s1-lr4e4,latih,1970,0.18460981845855712
gemma4-e2b-full-s1-lr4e4,latih,1980,0.18937399387359619
gemma4-e2b-full-s1-lr4e4,latih,1990,0.1796085476875305
gemma4-e2b-full-s1-lr4e4,latih,2000,0.16519293785095215
gemma4-e2b-full-s1-lr4e4,latih,2010,0.19959871768951415
gemma4-e2b-full-s1-lr4e4,latih,2020,0.15179444551467897
gemma4-e2b-full-s1-lr4e4,latih,2030,0.16819698810577394
gemma4-e2b-full-s1-lr4e4,latih,2040,0.18502564430236818
gemma4-e2b-full-s1-lr4e4,latih,2050,0.201715087890625
gemma4-e2b-full-s1-lr4e4,latih,2060,0.20946388244628905
gemma4-e2b-full-s1-lr4e4,latih,2070,0.12376966476440429
gemma4-e2b-full-s1-lr4e4,latih,2080,0.15706965923309327
gemma4-e2b-full-s1-lr4e4,latih,2090,0.20454738140106202
gemma4-e2b-full-s1-lr4e4,latih,2100,0.17407768964767456
gemma4-e2b-full-s1-lr4e4,latih,2110,0.15019738674163818
gemma4-e2b-full-s1-lr4e4,latih,2120,0.15142017602920532
gemma4-e2b-full-s1-lr4e4,latih,2130,0.15480235815048218
gemma4-e2b-full-s1-lr4e4,latih,2140,0.17472422122955322
gemma4-e2b-full-s1-lr4e4,latih,2150,0.19751378297805786
gemma4-e2b-full-s1-lr4e4,latih,2160,0.12535972595214845
gemma4-e2b-full-s1-lr4e4,latih,2170,0.09601970314979554
gemma4-e2b-full-s1-lr4e4,latih,2180,0.16997909545898438
gemma4-e2b-full-s1-lr4e4,latih,2190,0.15229038000106812
gemma4-e2b-full-s1-lr4e4,latih,2200,0.15463837385177612
gemma4-e2b-full-s1-lr4e4,latih,2210,0.1319328784942627
gemma4-e2b-full-s1-lr4e4,latih,2220,0.13200894594192505
gemma4-e2b-full-s1-lr4e4,latih,2230,0.11939487457275391
gemma4-e2b-full-s1-lr4e4,latih,2240,0.1418798565864563
gemma4-e2b-full-s1-lr4e4,latih,2250,0.17042163610458375
gemma4-e2b-full-s1-lr4e4,latih,2260,0.14641866683959961
gemma4-e2b-full-s1-lr4e4,latih,2270,0.10599396228790284
gemma4-e2b-full-s1-lr4e4,latih,2280,0.2124103784561157
gemma4-e2b-full-s1-lr4e4,latih,2290,0.11913027763366699
gemma4-e2b-full-s1-lr4e4,latih,2300,0.14389169216156006
gemma4-e2b-full-s1-lr4e4,latih,2310,0.11504385471343995
gemma4-e2b-full-s1-lr4e4,latih,2320,0.14423991441726686
gemma4-e2b-full-s1-lr4e4,latih,2330,0.16569000482559204
gemma4-e2b-full-s1-lr4e4,latih,2340,0.15196704864501953
gemma4-e2b-full-s1-lr4e4,latih,2350,0.1255284309387207
gemma4-e2b-full-s1-lr4e4,latih,2360,0.15111230611801146
gemma4-e2b-full-s1-lr4e4,latih,2370,0.14344173669815063
gemma4-e2b-full-s1-lr4e4,latih,2380,0.13338056802749634
gemma4-e2b-full-s1-lr4e4,latih,2390,0.12136722803115844
gemma4-e2b-full-s1-lr4e4,latih,2400,0.2024078845977783
gemma4-e2b-full-s1-lr4e4,latih,2410,0.14086179733276366
gemma4-e2b-full-s1-lr4e4,latih,2420,0.13162583112716675
gemma4-e2b-full-s1-lr4e4,latih,2430,0.1196173071861267
gemma4-e2b-full-s1-lr4e4,latih,2440,0.14485859870910645
gemma4-e2b-full-s1-lr4e4,latih,2450,0.14424872398376465
gemma4-e2b-full-s1-lr4e4,latih,2460,0.10331220626831054
gemma4-e2b-full-s1-lr4e4,latih,2470,0.125519323348999
gemma4-e2b-full-s1-lr4e4,latih,2480,0.13040318489074706
gemma4-e2b-full-s1-lr4e4,latih,2490,0.16179338693618775
gemma4-e2b-full-s1-lr4e4,latih,2500,0.13887900114059448
gemma4-e2b-full-s1-lr4e4,latih,2510,0.14578272104263307
gemma4-e2b-full-s1-lr4e4,latih,2520,0.12641123533248902
gemma4-e2b-full-s1-lr4e4,latih,2530,0.15437209606170654
gemma4-e2b-full-s1-lr4e4,latih,2540,0.10894434452056885
gemma4-e2b-full-s1-lr4e4,latih,2550,0.1701323390007019
gemma4-e2b-full-s1-lr4e4,latih,2560,0.14260584115982056
gemma4-e2b-full-s1-lr4e4,latih,2570,0.1745854616165161
gemma4-e2b-full-s1-lr4e4,latih,2580,0.19018722772598268
gemma4-e2b-full-s1-lr4e4,latih,2590,0.12010688781738281
gemma4-e2b-full-s1-lr4e4,latih,2600,0.11729824542999268
gemma4-e2b-full-s1-lr4e4,latih,2610,0.16047316789627075
gemma4-e2b-full-s1-lr4e4,latih,2620,0.09320642948150634
gemma4-e2b-full-s1-lr4e4,validasi,1311,0.4235192537307739
gemma4-e2b-full-s1-lr4e4,validasi,2622,0.2384869009256363
gemma4-e2b-full-s1-penuh,latih,10,7.002320098876953
gemma4-e2b-full-s1-penuh,latih,20,6.199041748046875
gemma4-e2b-full-s1-penuh,latih,30,3.7393867492675783
gemma4-e2b-full-s1-penuh,latih,40,2.790415954589844
gemma4-e2b-full-s1-penuh,latih,50,2.345661926269531
gemma4-e2b-full-s1-penuh,latih,60,1.6502500534057618
gemma4-e2b-full-s1-penuh,latih,70,1.4899904251098632
gemma4-e2b-full-s1-penuh,latih,80,1.5502670288085938
gemma4-e2b-full-s1-penuh,latih,90,1.483568286895752
gemma4-e2b-full-s1-penuh,latih,100,1.47420072555542
gemma4-e2b-full-s1-penuh,latih,110,1.7881031036376953
gemma4-e2b-full-s1-penuh,latih,120,1.4220890998840332
gemma4-e2b-full-s1-penuh,latih,130,1.2722483634948731
gemma4-e2b-full-s1-penuh,latih,140,1.3948782920837401
gemma4-e2b-full-s1-penuh,latih,150,1.5373109817504882
gemma4-e2b-full-s1-penuh,latih,160,1.097914695739746
gemma4-e2b-full-s1-penuh,latih,170,1.1140995979309083
gemma4-e2b-full-s1-penuh,latih,180,1.258492374420166
gemma4-e2b-full-s1-penuh,latih,190,0.8706815719604493
gemma4-e2b-full-s1-penuh,latih,200,1.2496424674987794
gemma4-e2b-full-s1-penuh,latih,210,1.317317008972168
gemma4-e2b-full-s1-penuh,latih,220,1.1549595832824706
gemma4-e2b-full-s1-penuh,latih,230,1.2146147727966308
gemma4-e2b-full-s1-penuh,latih,240,1.1778596878051757
gemma4-e2b-full-s1-penuh,latih,250,1.3312714576721192
gemma4-e2b-full-s1-penuh,latih,260,1.2462641716003418
gemma4-e2b-full-s1-penuh,latih,270,1.1017568588256836
gemma4-e2b-full-s1-penuh,latih,280,1.1324958801269531
gemma4-e2b-full-s1-penuh,latih,290,1.0073723793029785
gemma4-e2b-full-s1-penuh,latih,300,1.346426010131836
gemma4-e2b-full-s1-penuh,latih,310,0.8531185150146484
gemma4-e2b-full-s1-penuh,latih,320,0.8767594337463379
gemma4-e2b-full-s1-penuh,latih,330,0.9787496566772461
gemma4-e2b-full-s1-penuh,latih,340,0.8337922096252441
gemma4-e2b-full-s1-penuh,latih,350,1.0405139923095703
gemma4-e2b-full-s1-penuh,latih,360,1.086964988708496
gemma4-e2b-full-s1-penuh,latih,370,1.036205005645752
gemma4-e2b-full-s1-penuh,latih,380,0.8124726295471192
gemma4-e2b-full-s1-penuh,latih,390,0.9616430282592774
gemma4-e2b-full-s1-penuh,latih,400,1.278360080718994
gemma4-e2b-full-s1-penuh,latih,410,1.0025259017944337
gemma4-e2b-full-s1-penuh,latih,420,0.8989916801452636
gemma4-e2b-full-s1-penuh,latih,430,0.8918458938598632
gemma4-e2b-full-s1-penuh,latih,440,0.8748941421508789
gemma4-e2b-full-s1-penuh,latih,450,1.149775218963623
gemma4-e2b-full-s1-penuh,latih,460,0.8958687782287598
gemma4-e2b-full-s1-penuh,latih,470,0.8188578605651855
gemma4-e2b-full-s1-penuh,latih,480,0.9189291000366211
gemma4-e2b-full-s1-penuh,latih,490,0.8633230209350586
gemma4-e2b-full-s1-penuh,latih,500,0.930876636505127
gemma4-e2b-full-s1-penuh,latih,510,0.8902660369873047
gemma4-e2b-full-s1-penuh,latih,520,0.7052885055541992
gemma4-e2b-full-s1-penuh,latih,530,0.8511428833007812
gemma4-e2b-full-s1-penuh,latih,540,0.8882044792175293
gemma4-e2b-full-s1-penuh,latih,550,1.0635137557983398
gemma4-e2b-full-s1-penuh,latih,560,0.9034132957458496
gemma4-e2b-full-s1-penuh,latih,570,0.9255228996276855
gemma4-e2b-full-s1-penuh,latih,580,0.7632407188415528
gemma4-e2b-full-s1-penuh,latih,590,0.8952781677246093
gemma4-e2b-full-s1-penuh,latih,600,0.9129751205444336
gemma4-e2b-full-s1-penuh,latih,610,1.1342185974121093
gemma4-e2b-full-s1-penuh,latih,620,0.6839555263519287
gemma4-e2b-full-s1-penuh,latih,630,0.9038904190063477
gemma4-e2b-full-s1-penuh,latih,640,0.8167620658874511
gemma4-e2b-full-s1-penuh,latih,650,0.6836174488067627
gemma4-e2b-full-s1-penuh,latih,660,0.8535037994384765
gemma4-e2b-full-s1-penuh,latih,670,0.7800941467285156
gemma4-e2b-full-s1-penuh,latih,680,0.8313614845275878
gemma4-e2b-full-s1-penuh,latih,690,0.6379117488861084
gemma4-e2b-full-s1-penuh,latih,700,0.6184430122375488
gemma4-e2b-full-s1-penuh,latih,710,0.7164784431457519
gemma4-e2b-full-s1-penuh,latih,720,0.8194939613342285
gemma4-e2b-full-s1-penuh,latih,730,0.7069696903228759
gemma4-e2b-full-s1-penuh,latih,740,0.6567064762115479
gemma4-e2b-full-s1-penuh,latih,750,0.8737895965576172
gemma4-e2b-full-s1-penuh,latih,760,0.7874896049499511
gemma4-e2b-full-s1-penuh,latih,770,0.7636686325073242
gemma4-e2b-full-s1-penuh,latih,780,0.5941162586212159
gemma4-e2b-full-s1-penuh,latih,790,0.8150121688842773
gemma4-e2b-full-s1-penuh,latih,800,0.6480698108673095
gemma4-e2b-full-s1-penuh,latih,810,0.5586339950561523
gemma4-e2b-full-s1-penuh,latih,820,0.7420429706573486
gemma4-e2b-full-s1-penuh,latih,830,0.920926570892334
gemma4-e2b-full-s1-penuh,latih,840,0.5904415607452392
gemma4-e2b-full-s1-penuh,latih,850,0.6486133575439453
gemma4-e2b-full-s1-penuh,latih,860,0.5167409420013428
gemma4-e2b-full-s1-penuh,latih,870,0.6312877655029296
gemma4-e2b-full-s1-penuh,latih,880,0.5996550559997559
gemma4-e2b-full-s1-penuh,latih,890,0.5943554401397705
gemma4-e2b-full-s1-penuh,latih,900,0.5884936809539795
gemma4-e2b-full-s1-penuh,latih,910,0.5793347358703613
gemma4-e2b-full-s1-penuh,latih,920,0.6126044750213623
gemma4-e2b-full-s1-penuh,latih,930,0.6757102489471436
gemma4-e2b-full-s1-penuh,latih,940,0.8572537422180175
gemma4-e2b-full-s1-penuh,latih,950,0.5599984645843505
gemma4-e2b-full-s1-penuh,latih,960,0.6866872310638428
gemma4-e2b-full-s1-penuh,latih,970,0.649469518661499
gemma4-e2b-full-s1-penuh,latih,980,0.559423303604126
gemma4-e2b-full-s1-penuh,latih,990,0.5697400569915771
gemma4-e2b-full-s1-penuh,latih,1000,0.8179753303527832
gemma4-e2b-full-s1-penuh,latih,1010,0.614137601852417
gemma4-e2b-full-s1-penuh,latih,1020,0.632236909866333
gemma4-e2b-full-s1-penuh,latih,1030,0.6867639064788819
gemma4-e2b-full-s1-penuh,latih,1040,0.5467303276062012
gemma4-e2b-full-s1-penuh,latih,1050,0.5295084476470947
gemma4-e2b-full-s1-penuh,latih,1060,0.5394262790679931
gemma4-e2b-full-s1-penuh,latih,1070,0.44262375831604006
gemma4-e2b-full-s1-penuh,latih,1080,0.5655032634735108
gemma4-e2b-full-s1-penuh,latih,1090,0.6419008255004883
gemma4-e2b-full-s1-penuh,latih,1100,0.5337829113006591
gemma4-e2b-full-s1-penuh,latih,1110,0.5280574321746826
gemma4-e2b-full-s1-penuh,latih,1120,0.6074272155761719
gemma4-e2b-full-s1-penuh,latih,1130,0.45990581512451173
gemma4-e2b-full-s1-penuh,latih,1140,0.47196378707885744
gemma4-e2b-full-s1-penuh,latih,1150,0.46672372817993163
gemma4-e2b-full-s1-penuh,latih,1160,0.46004390716552734
gemma4-e2b-full-s1-penuh,latih,1170,0.5415995597839356
gemma4-e2b-full-s1-penuh,latih,1180,0.5968777656555175
gemma4-e2b-full-s1-penuh,latih,1190,0.44576492309570315
gemma4-e2b-full-s1-penuh,latih,1200,0.5725123405456543
gemma4-e2b-full-s1-penuh,latih,1210,0.5616891384124756
gemma4-e2b-full-s1-penuh,latih,1220,0.4798282623291016
gemma4-e2b-full-s1-penuh,latih,1230,0.4359584331512451
gemma4-e2b-full-s1-penuh,latih,1240,0.63419508934021
gemma4-e2b-full-s1-penuh,latih,1250,0.4116023540496826
gemma4-e2b-full-s1-penuh,latih,1260,0.47141084671020506
gemma4-e2b-full-s1-penuh,latih,1270,0.5418768405914307
gemma4-e2b-full-s1-penuh,latih,1280,0.4733004570007324
gemma4-e2b-full-s1-penuh,latih,1290,0.49753532409667967
gemma4-e2b-full-s1-penuh,latih,1300,0.4260855197906494
gemma4-e2b-full-s1-penuh,latih,1310,0.40268659591674805
gemma4-e2b-full-s1-penuh,latih,1320,0.3777963161468506
gemma4-e2b-full-s1-penuh,latih,1330,0.39010460376739503
gemma4-e2b-full-s1-penuh,latih,1340,0.37246050834655764
gemma4-e2b-full-s1-penuh,latih,1350,0.39851438999176025
gemma4-e2b-full-s1-penuh,latih,1360,0.31954131126403806
gemma4-e2b-full-s1-penuh,latih,1370,0.3198615312576294
gemma4-e2b-full-s1-penuh,latih,1380,0.43809823989868163
gemma4-e2b-full-s1-penuh,latih,1390,0.39757213592529295
gemma4-e2b-full-s1-penuh,latih,1400,0.41092667579650877
gemma4-e2b-full-s1-penuh,latih,1410,0.3535239458084106
gemma4-e2b-full-s1-penuh,latih,1420,0.30805230140686035
gemma4-e2b-full-s1-penuh,latih,1430,0.3184088468551636
gemma4-e2b-full-s1-penuh,latih,1440,0.34053850173950195
gemma4-e2b-full-s1-penuh,latih,1450,0.3213226079940796
gemma4-e2b-full-s1-penuh,latih,1460,0.3805046796798706
gemma4-e2b-full-s1-penuh,latih,1470,0.38521738052368165
gemma4-e2b-full-s1-penuh,latih,1480,0.3482189178466797
gemma4-e2b-full-s1-penuh,latih,1490,0.3414823293685913
gemma4-e2b-full-s1-penuh,latih,1500,0.3054450511932373
gemma4-e2b-full-s1-penuh,latih,1510,0.3499223470687866
gemma4-e2b-full-s1-penuh,latih,1520,0.3181976079940796
gemma4-e2b-full-s1-penuh,latih,1530,0.3055778741836548
gemma4-e2b-full-s1-penuh,latih,1540,0.30559303760528567
gemma4-e2b-full-s1-penuh,latih,1550,0.27310154438018797
gemma4-e2b-full-s1-penuh,latih,1560,0.3226285934448242
gemma4-e2b-full-s1-penuh,latih,1570,0.31484274864196776
gemma4-e2b-full-s1-penuh,latih,1580,0.35763044357299806
gemma4-e2b-full-s1-penuh,latih,1590,0.33862478733062745
gemma4-e2b-full-s1-penuh,latih,1600,0.2952579975128174
gemma4-e2b-full-s1-penuh,latih,1610,0.3324758291244507
gemma4-e2b-full-s1-penuh,latih,1620,0.32303533554077146
gemma4-e2b-full-s1-penuh,latih,1630,0.297689151763916
gemma4-e2b-full-s1-penuh,latih,1640,0.29677767753601075
gemma4-e2b-full-s1-penuh,latih,1650,0.3512054204940796
gemma4-e2b-full-s1-penuh,latih,1660,0.30703737735748293
gemma4-e2b-full-s1-penuh,latih,1670,0.2517016172409058
gemma4-e2b-full-s1-penuh,latih,1680,0.24406778812408447
gemma4-e2b-full-s1-penuh,latih,1690,0.3354889631271362
gemma4-e2b-full-s1-penuh,latih,1700,0.33448309898376466
gemma4-e2b-full-s1-penuh,latih,1710,0.3182967185974121
gemma4-e2b-full-s1-penuh,latih,1720,0.24679465293884278
gemma4-e2b-full-s1-penuh,latih,1730,0.2495755672454834
gemma4-e2b-full-s1-penuh,latih,1740,0.2896927833557129
gemma4-e2b-full-s1-penuh,latih,1750,0.24093973636627197
gemma4-e2b-full-s1-penuh,latih,1760,0.25096495151519777
gemma4-e2b-full-s1-penuh,latih,1770,0.2761380195617676
gemma4-e2b-full-s1-penuh,latih,1780,0.35892698764801023
gemma4-e2b-full-s1-penuh,latih,1790,0.2505955696105957
gemma4-e2b-full-s1-penuh,latih,1800,0.2728166341781616
gemma4-e2b-full-s1-penuh,latih,1810,0.32479984760284425
gemma4-e2b-full-s1-penuh,latih,1820,0.28533182144165037
gemma4-e2b-full-s1-penuh,latih,1830,0.3067296028137207
gemma4-e2b-full-s1-penuh,latih,1840,0.2655126333236694
gemma4-e2b-full-s1-penuh,latih,1850,0.3332019090652466
gemma4-e2b-full-s1-penuh,latih,1860,0.28241662979125975
gemma4-e2b-full-s1-penuh,latih,1870,0.3402223825454712
gemma4-e2b-full-s1-penuh,latih,1880,0.28819520473480226
gemma4-e2b-full-s1-penuh,latih,1890,0.26992847919464114
gemma4-e2b-full-s1-penuh,latih,1900,0.24013383388519288
gemma4-e2b-full-s1-penuh,latih,1910,0.27382726669311525
gemma4-e2b-full-s1-penuh,latih,1920,0.24487731456756592
gemma4-e2b-full-s1-penuh,latih,1930,0.18697540760040282
gemma4-e2b-full-s1-penuh,latih,1940,0.2176365852355957
gemma4-e2b-full-s1-penuh,latih,1950,0.30099852085113527
gemma4-e2b-full-s1-penuh,latih,1960,0.2640747308731079
gemma4-e2b-full-s1-penuh,latih,1970,0.23804264068603515
gemma4-e2b-full-s1-penuh,latih,1980,0.28368635177612306
gemma4-e2b-full-s1-penuh,latih,1990,0.23939173221588134
gemma4-e2b-full-s1-penuh,latih,2000,0.23428127765655518
gemma4-e2b-full-s1-penuh,latih,2010,0.2805412530899048
gemma4-e2b-full-s1-penuh,latih,2020,0.23137295246124268
gemma4-e2b-full-s1-penuh,latih,2030,0.24955148696899415
gemma4-e2b-full-s1-penuh,latih,2040,0.24548487663269042
gemma4-e2b-full-s1-penuh,latih,2050,0.2620738983154297
gemma4-e2b-full-s1-penuh,latih,2060,0.29871084690093996
gemma4-e2b-full-s1-penuh,latih,2070,0.19805352687835692
gemma4-e2b-full-s1-penuh,latih,2080,0.23327147960662842
gemma4-e2b-full-s1-penuh,latih,2090,0.28475544452667234
gemma4-e2b-full-s1-penuh,latih,2100,0.26337480545043945
gemma4-e2b-full-s1-penuh,latih,2110,0.21949102878570556
gemma4-e2b-full-s1-penuh,latih,2120,0.21750497817993164
gemma4-e2b-full-s1-penuh,latih,2130,0.2233670473098755
gemma4-e2b-full-s1-penuh,latih,2140,0.2633857011795044
gemma4-e2b-full-s1-penuh,latih,2150,0.2462862491607666
gemma4-e2b-full-s1-penuh,latih,2160,0.1855045199394226
gemma4-e2b-full-s1-penuh,latih,2170,0.15170066356658934
gemma4-e2b-full-s1-penuh,latih,2180,0.24229011535644532
gemma4-e2b-full-s1-penuh,latih,2190,0.24176592826843263
gemma4-e2b-full-s1-penuh,latih,2200,0.21377210617065429
gemma4-e2b-full-s1-penuh,latih,2210,0.20634067058563232
gemma4-e2b-full-s1-penuh,latih,2220,0.19235024452209473
gemma4-e2b-full-s1-penuh,latih,2230,0.17221786975860595
gemma4-e2b-full-s1-penuh,latih,2240,0.2211627721786499
gemma4-e2b-full-s1-penuh,latih,2250,0.21804616451263428
gemma4-e2b-full-s1-penuh,latih,2260,0.20557875633239747
gemma4-e2b-full-s1-penuh,latih,2270,0.1502690553665161
gemma4-e2b-full-s1-penuh,latih,2280,0.2576500177383423
gemma4-e2b-full-s1-penuh,latih,2290,0.18192148208618164
gemma4-e2b-full-s1-penuh,latih,2300,0.20282678604125975
gemma4-e2b-full-s1-penuh,latih,2310,0.18456281423568727
gemma4-e2b-full-s1-penuh,latih,2320,0.22757294178009033
gemma4-e2b-full-s1-penuh,latih,2330,0.2329789876937866
gemma4-e2b-full-s1-penuh,latih,2340,0.20037612915039063
gemma4-e2b-full-s1-penuh,latih,2350,0.15714893341064454
gemma4-e2b-full-s1-penuh,latih,2360,0.19486266374588013
gemma4-e2b-full-s1-penuh,latih,2370,0.21666417121887208
gemma4-e2b-full-s1-penuh,latih,2380,0.18352413177490234
gemma4-e2b-full-s1-penuh,latih,2390,0.19636480808258056
gemma4-e2b-full-s1-penuh,latih,2400,0.2790680885314941
gemma4-e2b-full-s1-penuh,latih,2410,0.19656970500946044
gemma4-e2b-full-s1-penuh,latih,2420,0.17151992321014403
gemma4-e2b-full-s1-penuh,latih,2430,0.17739921808242798
gemma4-e2b-full-s1-penuh,latih,2440,0.18560899496078492
gemma4-e2b-full-s1-penuh,latih,2450,0.183407461643219
gemma4-e2b-full-s1-penuh,latih,2460,0.15637749433517456
gemma4-e2b-full-s1-penuh,latih,2470,0.17628746032714843
gemma4-e2b-full-s1-penuh,latih,2480,0.14346206188201904
gemma4-e2b-full-s1-penuh,latih,2490,0.2131951332092285
gemma4-e2b-full-s1-penuh,latih,2500,0.17524564266204834
gemma4-e2b-full-s1-penuh,latih,2510,0.1677287220954895
gemma4-e2b-full-s1-penuh,latih,2520,0.1739690899848938
gemma4-e2b-full-s1-penuh,latih,2530,0.1886382818222046
gemma4-e2b-full-s1-penuh,latih,2540,0.14137400388717652
gemma4-e2b-full-s1-penuh,latih,2550,0.22872605323791503
gemma4-e2b-full-s1-penuh,latih,2560,0.16636229753494264
gemma4-e2b-full-s1-penuh,latih,2570,0.19118030071258546
gemma4-e2b-full-s1-penuh,latih,2580,0.19685157537460327
gemma4-e2b-full-s1-penuh,latih,2590,0.15885026454925538
gemma4-e2b-full-s1-penuh,latih,2600,0.13304835557937622
gemma4-e2b-full-s1-penuh,latih,2610,0.2105721950531006
gemma4-e2b-full-s1-penuh,latih,2620,0.13343085050582887
gemma4-e2b-full-s1-penuh,latih,2630,0.08150771856307984
gemma4-e2b-full-s1-penuh,latih,2640,0.08861112594604492
gemma4-e2b-full-s1-penuh,latih,2650,0.11643288135528565
gemma4-e2b-full-s1-penuh,latih,2660,0.0997460663318634
gemma4-e2b-full-s1-penuh,latih,2670,0.10454587936401367
gemma4-e2b-full-s1-penuh,latih,2680,0.11159359216690064
gemma4-e2b-full-s1-penuh,latih,2690,0.10336537361145019
gemma4-e2b-full-s1-penuh,latih,2700,0.12418909072875976
gemma4-e2b-full-s1-penuh,latih,2710,0.12209718227386475
gemma4-e2b-full-s1-penuh,latih,2720,0.1220426082611084
gemma4-e2b-full-s1-penuh,latih,2730,0.0789096474647522
gemma4-e2b-full-s1-penuh,latih,2740,0.09893519282341004
gemma4-e2b-full-s1-penuh,latih,2750,0.11808164119720459
gemma4-e2b-full-s1-penuh,latih,2760,0.0696356475353241
gemma4-e2b-full-s1-penuh,latih,2770,0.11179602146148682
gemma4-e2b-full-s1-penuh,latih,2780,0.10740797519683838
gemma4-e2b-full-s1-penuh,latih,2790,0.12340353727340699
gemma4-e2b-full-s1-penuh,latih,2800,0.12461429834365845
gemma4-e2b-full-s1-penuh,latih,2810,0.12337297201156616
gemma4-e2b-full-s1-penuh,latih,2820,0.09174721240997315
gemma4-e2b-full-s1-penuh,latih,2830,0.08667185306549072
gemma4-e2b-full-s1-penuh,latih,2840,0.06965339183807373
gemma4-e2b-full-s1-penuh,latih,2850,0.09024598598480224
gemma4-e2b-full-s1-penuh,latih,2860,0.10027574300765991
gemma4-e2b-full-s1-penuh,latih,2870,0.10948079824447632
gemma4-e2b-full-s1-penuh,latih,2880,0.09024151563644409
gemma4-e2b-full-s1-penuh,latih,2890,0.06606118679046631
gemma4-e2b-full-s1-penuh,latih,2900,0.10189967155456543
gemma4-e2b-full-s1-penuh,latih,2910,0.058706271648406985
gemma4-e2b-full-s1-penuh,latih,2920,0.10691952705383301
gemma4-e2b-full-s1-penuh,latih,2930,0.08173034191131592
gemma4-e2b-full-s1-penuh,latih,2940,0.06738811731338501
gemma4-e2b-full-s1-penuh,latih,2950,0.09570907354354859
gemma4-e2b-full-s1-penuh,latih,2960,0.06162136197090149
gemma4-e2b-full-s1-penuh,latih,2970,0.06829121708869934
gemma4-e2b-full-s1-penuh,latih,2980,0.08872342109680176
gemma4-e2b-full-s1-penuh,latih,2990,0.07750938534736633
gemma4-e2b-full-s1-penuh,latih,3000,0.07329212427139283
gemma4-e2b-full-s1-penuh,latih,3010,0.07155227661132812
gemma4-e2b-full-s1-penuh,latih,3020,0.096872878074646
gemma4-e2b-full-s1-penuh,latih,3030,0.12384084463119507
gemma4-e2b-full-s1-penuh,latih,3040,0.09774755835533142
gemma4-e2b-full-s1-penuh,latih,3050,0.07667523622512817
gemma4-e2b-full-s1-penuh,latih,3060,0.10334703922271729
gemma4-e2b-full-s1-penuh,latih,3070,0.1009218454360962
gemma4-e2b-full-s1-penuh,latih,3080,0.13381457328796387
gemma4-e2b-full-s1-penuh,latih,3090,0.08196326494216918
gemma4-e2b-full-s1-penuh,latih,3100,0.09618854522705078
gemma4-e2b-full-s1-penuh,latih,3110,0.09598841071128845
gemma4-e2b-full-s1-penuh,latih,3120,0.05562567710876465
gemma4-e2b-full-s1-penuh,latih,3130,0.08211327195167542
gemma4-e2b-full-s1-penuh,latih,3140,0.07179108858108521
gemma4-e2b-full-s1-penuh,latih,3150,0.12942584753036498
gemma4-e2b-full-s1-penuh,latih,3160,0.09803636074066162
gemma4-e2b-full-s1-penuh,latih,3170,0.10826416015625
gemma4-e2b-full-s1-penuh,latih,3180,0.0763317584991455
gemma4-e2b-full-s1-penuh,latih,3190,0.09418817162513733
gemma4-e2b-full-s1-penuh,latih,3200,0.11264925003051758
gemma4-e2b-full-s1-penuh,latih,3210,0.06456955075263977
gemma4-e2b-full-s1-penuh,latih,3220,0.07324413061141968
gemma4-e2b-full-s1-penuh,latih,3230,0.05712730288505554
gemma4-e2b-full-s1-penuh,latih,3240,0.0614172101020813
gemma4-e2b-full-s1-penuh,latih,3250,0.07364532351493835
gemma4-e2b-full-s1-penuh,latih,3260,0.08746914863586426
gemma4-e2b-full-s1-penuh,latih,3270,0.07911635041236878
gemma4-e2b-full-s1-penuh,latih,3280,0.06251867413520813
gemma4-e2b-full-s1-penuh,latih,3290,0.08823085427284241
gemma4-e2b-full-s1-penuh,latih,3300,0.09836015105247498
gemma4-e2b-full-s1-penuh,latih,3310,0.10051041841506958
gemma4-e2b-full-s1-penuh,latih,3320,0.08470959663391113
gemma4-e2b-full-s1-penuh,latih,3330,0.07209657430648804
gemma4-e2b-full-s1-penuh,latih,3340,0.10374209880828858
gemma4-e2b-full-s1-penuh,latih,3350,0.08086211681365967
gemma4-e2b-full-s1-penuh,latih,3360,0.07197381854057312
gemma4-e2b-full-s1-penuh,latih,3370,0.08583150506019592
gemma4-e2b-full-s1-penuh,latih,3380,0.07033804655075074
gemma4-e2b-full-s1-penuh,latih,3390,0.06989175081253052
gemma4-e2b-full-s1-penuh,latih,3400,0.07971014380455017
gemma4-e2b-full-s1-penuh,latih,3410,0.06853492259979248
gemma4-e2b-full-s1-penuh,latih,3420,0.05813755989074707
gemma4-e2b-full-s1-penuh,latih,3430,0.06467578411102295
gemma4-e2b-full-s1-penuh,latih,3440,0.08270459175109864
gemma4-e2b-full-s1-penuh,latih,3450,0.07023275494575501
gemma4-e2b-full-s1-penuh,latih,3460,0.11219576597213746
gemma4-e2b-full-s1-penuh,latih,3470,0.0627467691898346
gemma4-e2b-full-s1-penuh,latih,3480,0.06318400502204895
gemma4-e2b-full-s1-penuh,latih,3490,0.08343941569328309
gemma4-e2b-full-s1-penuh,latih,3500,0.10153446197509766
gemma4-e2b-full-s1-penuh,latih,3510,0.0653014600276947
gemma4-e2b-full-s1-penuh,latih,3520,0.06745358109474182
gemma4-e2b-full-s1-penuh,latih,3530,0.06615576148033142
gemma4-e2b-full-s1-penuh,latih,3540,0.08219699859619141
gemma4-e2b-full-s1-penuh,latih,3550,0.08701997995376587
gemma4-e2b-full-s1-penuh,latih,3560,0.06364628076553344
gemma4-e2b-full-s1-penuh,latih,3570,0.08760603070259095
gemma4-e2b-full-s1-penuh,latih,3580,0.0915479063987732
gemma4-e2b-full-s1-penuh,latih,3590,0.07809934616088868
gemma4-e2b-full-s1-penuh,latih,3600,0.08453587293624878
gemma4-e2b-full-s1-penuh,latih,3610,0.09435853362083435
gemma4-e2b-full-s1-penuh,latih,3620,0.08592100143432617
gemma4-e2b-full-s1-penuh,latih,3630,0.059247773885726926
gemma4-e2b-full-s1-penuh,latih,3640,0.0643596351146698
gemma4-e2b-full-s1-penuh,latih,3650,0.0733633041381836
gemma4-e2b-full-s1-penuh,latih,3660,0.07655190825462341
gemma4-e2b-full-s1-penuh,latih,3670,0.07488929033279419
gemma4-e2b-full-s1-penuh,latih,3680,0.10162065029144288
gemma4-e2b-full-s1-penuh,latih,3690,0.07556878924369811
gemma4-e2b-full-s1-penuh,latih,3700,0.08548275828361511
gemma4-e2b-full-s1-penuh,latih,3710,0.09428987503051758
gemma4-e2b-full-s1-penuh,latih,3720,0.05378036499023438
gemma4-e2b-full-s1-penuh,latih,3730,0.08172196745872498
gemma4-e2b-full-s1-penuh,latih,3740,0.05946467518806457
gemma4-e2b-full-s1-penuh,latih,3750,0.07742303013801574
gemma4-e2b-full-s1-penuh,latih,3760,0.08746683597564697
gemma4-e2b-full-s1-penuh,latih,3770,0.06451210379600525
gemma4-e2b-full-s1-penuh,latih,3780,0.06807430982589721
gemma4-e2b-full-s1-penuh,latih,3790,0.10582382678985595
gemma4-e2b-full-s1-penuh,latih,3800,0.04919819533824921
gemma4-e2b-full-s1-penuh,latih,3810,0.08480782508850097
gemma4-e2b-full-s1-penuh,latih,3820,0.06706551909446716
gemma4-e2b-full-s1-penuh,latih,3830,0.07217676043510438
gemma4-e2b-full-s1-penuh,latih,3840,0.07393714785575867
gemma4-e2b-full-s1-penuh,latih,3850,0.0695486843585968
gemma4-e2b-full-s1-penuh,latih,3860,0.06976950168609619
gemma4-e2b-full-s1-penuh,latih,3870,0.062271004915237425
gemma4-e2b-full-s1-penuh,latih,3880,0.06482700705528259
gemma4-e2b-full-s1-penuh,latih,3890,0.06367340087890624
gemma4-e2b-full-s1-penuh,latih,3900,0.07013477683067322
gemma4-e2b-full-s1-penuh,latih,3910,0.09696524143218994
gemma4-e2b-full-s1-penuh,latih,3920,0.07376140952110291
gemma4-e2b-full-s1-penuh,latih,3930,0.0802716612815857
gemma4-e2b-full-s1-penuh,validasi,1311,0.4949173033237457
gemma4-e2b-full-s1-penuh,validasi,2622,0.2625994086265564
gemma4-e2b-full-s1-penuh,validasi,3933,0.24997536838054657
gemma4-e2b-full-s1-penuh15,latih,10,7.1166526794433596
gemma4-e2b-full-s1-penuh15,latih,20,5.922607421875
gemma4-e2b-full-s1-penuh15,latih,30,3.3871074676513673
gemma4-e2b-full-s1-penuh15,latih,40,2.7071691513061524
gemma4-e2b-full-s1-penuh15,latih,50,2.356240081787109
gemma4-e2b-full-s1-penuh15,latih,60,1.9330024719238281
gemma4-e2b-full-s1-penuh15,latih,70,1.527847671508789
gemma4-e2b-full-s1-penuh15,latih,80,1.5992494583129884
gemma4-e2b-full-s1-penuh15,latih,90,1.363883113861084
gemma4-e2b-full-s1-penuh15,latih,100,1.4361092567443847
gemma4-e2b-full-s1-penuh15,latih,110,1.4648295402526856
gemma4-e2b-full-s1-penuh15,latih,120,1.2543981552124024
gemma4-e2b-full-s1-penuh15,latih,130,1.3004464149475097
gemma4-e2b-full-s1-penuh15,latih,140,1.4686819076538087
gemma4-e2b-full-s1-penuh15,latih,150,1.365837860107422
gemma4-e2b-full-s1-penuh15,latih,160,1.3572697639465332
gemma4-e2b-full-s1-penuh15,latih,170,1.2982786178588868
gemma4-e2b-full-s1-penuh15,latih,180,1.6594305038452148
gemma4-e2b-full-s1-penuh15,latih,190,1.1487101554870605
gemma4-e2b-full-s1-penuh15,latih,200,0.93846435546875
gemma4-e2b-full-s1-penuh15,latih,210,1.4188356399536133
gemma4-e2b-full-s1-penuh15,latih,220,1.2095909118652344
gemma4-e2b-full-s1-penuh15,latih,230,1.3334277153015137
gemma4-e2b-full-s1-penuh15,latih,240,1.1004521369934082
gemma4-e2b-full-s1-penuh15,latih,250,1.0956786155700684
gemma4-e2b-full-s1-penuh15,latih,260,1.1454401969909669
gemma4-e2b-full-s1-penuh15,latih,270,1.1312955856323241
gemma4-e2b-full-s1-penuh15,latih,280,1.2727931022644043
gemma4-e2b-full-s1-penuh15,latih,290,1.1046742439270019
gemma4-e2b-full-s1-penuh15,latih,300,1.3273316383361817
gemma4-e2b-full-s1-penuh15,latih,310,1.0238975524902343
gemma4-e2b-full-s1-penuh15,latih,320,1.1248059272766113
gemma4-e2b-full-s1-penuh15,latih,330,1.0438504219055176
gemma4-e2b-full-s1-penuh15,latih,340,0.7997755527496337
gemma4-e2b-full-s1-penuh15,latih,350,1.0918770790100099
gemma4-e2b-full-s1-penuh15,latih,360,1.1100711822509766
gemma4-e2b-full-s1-penuh15,latih,370,1.0811476707458496
gemma4-e2b-full-s1-penuh15,latih,380,1.0360684394836426
gemma4-e2b-full-s1-penuh15,latih,390,0.8565098762512207
gemma4-e2b-full-s1-penuh15,latih,400,0.7419042587280273
gemma4-e2b-full-s1-penuh15,latih,410,0.8643739700317383
gemma4-e2b-full-s1-penuh15,latih,420,0.9989136695861817
gemma4-e2b-full-s1-penuh15,latih,430,1.2222162246704102
gemma4-e2b-full-s1-penuh15,latih,440,0.9809073448181153
gemma4-e2b-full-s1-penuh15,latih,450,1.055402660369873
gemma4-e2b-full-s1-penuh15,latih,460,0.9562178611755371
gemma4-e2b-full-s1-penuh15,latih,470,0.7970666408538818
gemma4-e2b-full-s1-penuh15,latih,480,0.9643875122070312
gemma4-e2b-full-s1-penuh15,latih,490,1.0331503868103027
gemma4-e2b-full-s1-penuh15,latih,500,0.8626920700073242
gemma4-e2b-full-s1-penuh15,latih,510,1.0862991333007812
gemma4-e2b-full-s1-penuh15,latih,520,1.0221296310424806
gemma4-e2b-full-s1-penuh15,latih,530,0.8458748817443847
gemma4-e2b-full-s1-penuh15,latih,540,0.9545683860778809
gemma4-e2b-full-s1-penuh15,latih,550,0.9072978019714355
gemma4-e2b-full-s1-penuh15,latih,560,0.6024957656860351
gemma4-e2b-full-s1-penuh15,latih,570,0.8230356216430664
gemma4-e2b-full-s1-penuh15,latih,580,0.8116371154785156
gemma4-e2b-full-s1-penuh15,latih,590,0.8750808715820313
gemma4-e2b-full-s1-penuh15,latih,600,0.8055768966674804
gemma4-e2b-full-s1-penuh15,latih,610,0.7329786777496338
gemma4-e2b-full-s1-penuh15,latih,620,0.9605695724487304
gemma4-e2b-full-s1-penuh15,latih,630,0.8289145469665528
gemma4-e2b-full-s1-penuh15,latih,640,0.8306186676025391
gemma4-e2b-full-s1-penuh15,latih,650,0.8917949676513672
gemma4-e2b-full-s1-penuh15,latih,660,0.7344097137451172
gemma4-e2b-full-s1-penuh15,latih,670,0.8868030548095703
gemma4-e2b-full-s1-penuh15,latih,680,0.7931149005889893
gemma4-e2b-full-s1-penuh15,latih,690,0.7623452186584473
gemma4-e2b-full-s1-penuh15,latih,700,0.5539217472076416
gemma4-e2b-full-s1-penuh15,latih,710,0.945126724243164
gemma4-e2b-full-s1-penuh15,latih,720,0.7493806838989258
gemma4-e2b-full-s1-penuh15,latih,730,0.5605268955230713
gemma4-e2b-full-s1-penuh15,latih,740,0.8183099746704101
gemma4-e2b-full-s1-penuh15,latih,750,0.6857429027557373
gemma4-e2b-full-s1-penuh15,latih,760,0.681894063949585
gemma4-e2b-full-s1-penuh15,latih,770,0.6407830715179443
gemma4-e2b-full-s1-penuh15,latih,780,0.7055966854095459
gemma4-e2b-full-s1-penuh15,latih,790,0.7758993148803711
gemma4-e2b-full-s1-penuh15,latih,800,0.6780568122863769
gemma4-e2b-full-s1-penuh15,latih,810,0.7436549663543701
gemma4-e2b-full-s1-penuh15,latih,820,0.7000387191772461
gemma4-e2b-full-s1-penuh15,latih,830,0.629496431350708
gemma4-e2b-full-s1-penuh15,latih,840,0.6823866844177247
gemma4-e2b-full-s1-penuh15,latih,850,0.7340689659118652
gemma4-e2b-full-s1-penuh15,latih,860,0.5487841606140137
gemma4-e2b-full-s1-penuh15,latih,870,0.5731396675109863
gemma4-e2b-full-s1-penuh15,latih,880,0.6575539588928223
gemma4-e2b-full-s1-penuh15,latih,890,0.8382102012634277
gemma4-e2b-full-s1-penuh15,latih,900,0.8040637969970703
gemma4-e2b-full-s1-penuh15,latih,910,0.6070335865020752
gemma4-e2b-full-s1-penuh15,latih,920,0.6182387828826904
gemma4-e2b-full-s1-penuh15,latih,930,0.6742174625396729
gemma4-e2b-full-s1-penuh15,latih,940,0.6266828060150147
gemma4-e2b-full-s1-penuh15,latih,950,0.5872527122497558
gemma4-e2b-full-s1-penuh15,latih,960,0.7877675533294678
gemma4-e2b-full-s1-penuh15,latih,970,0.5267542839050293
gemma4-e2b-full-s1-penuh15,latih,980,0.6483641147613526
gemma4-e2b-full-s1-penuh15,latih,990,0.5919092655181885
gemma4-e2b-full-s1-penuh15,latih,1000,0.6610821723937989
gemma4-e2b-full-s1-penuh15,latih,1010,0.47835359573364256
gemma4-e2b-full-s1-penuh15,latih,1020,0.5446927070617675
gemma4-e2b-full-s1-penuh15,latih,1030,0.7172224521636963
gemma4-e2b-full-s1-penuh15,latih,1040,0.5259424686431885
gemma4-e2b-full-s1-penuh15,latih,1050,0.5241285800933838
gemma4-e2b-full-s1-penuh15,latih,1060,0.5912524223327636
gemma4-e2b-full-s1-penuh15,latih,1070,0.5672286510467529
gemma4-e2b-full-s1-penuh15,latih,1080,0.5509638309478759
gemma4-e2b-full-s1-penuh15,latih,1090,0.5538976669311524
gemma4-e2b-full-s1-penuh15,latih,1100,0.5785890102386475
gemma4-e2b-full-s1-penuh15,latih,1110,0.4591211795806885
gemma4-e2b-full-s1-penuh15,latih,1120,0.44382734298706056
gemma4-e2b-full-s1-penuh15,latih,1130,0.4791115760803223
gemma4-e2b-full-s1-penuh15,latih,1140,0.6588803291320801
gemma4-e2b-full-s1-penuh15,latih,1150,0.4351497650146484
gemma4-e2b-full-s1-penuh15,latih,1160,0.48611249923706057
gemma4-e2b-full-s1-penuh15,latih,1170,0.46623573303222654
gemma4-e2b-full-s1-penuh15,latih,1180,0.3846513032913208
gemma4-e2b-full-s1-penuh15,latih,1190,0.5572639465332031
gemma4-e2b-full-s1-penuh15,latih,1200,0.5244313240051269
gemma4-e2b-full-s1-penuh15,latih,1210,0.5456324100494385
gemma4-e2b-full-s1-penuh15,latih,1220,0.5288855552673339
gemma4-e2b-full-s1-penuh15,latih,1230,0.5528931140899658
gemma4-e2b-full-s1-penuh15,latih,1240,0.45670595169067385
gemma4-e2b-full-s1-penuh15,latih,1250,0.542358684539795
gemma4-e2b-full-s1-penuh15,latih,1260,0.43552370071411134
gemma4-e2b-full-s1-penuh15,latih,1270,0.5115517616271973
gemma4-e2b-full-s1-penuh15,latih,1280,0.43216943740844727
gemma4-e2b-full-s1-penuh15,latih,1290,0.5191753387451172
gemma4-e2b-full-s1-penuh15,latih,1300,0.4439685344696045
gemma4-e2b-full-s1-penuh15,latih,1310,0.4591815948486328
gemma4-e2b-full-s1-penuh15,latih,1320,0.29251885414123535
gemma4-e2b-full-s1-penuh15,latih,1330,0.45430736541748046
gemma4-e2b-full-s1-penuh15,latih,1340,0.3418070077896118
gemma4-e2b-full-s1-penuh15,latih,1350,0.337246036529541
gemma4-e2b-full-s1-penuh15,latih,1360,0.3839654684066772
gemma4-e2b-full-s1-penuh15,latih,1370,0.2879945278167725
gemma4-e2b-full-s1-penuh15,latih,1380,0.3667996168136597
gemma4-e2b-full-s1-penuh15,latih,1390,0.3360386848449707
gemma4-e2b-full-s1-penuh15,latih,1400,0.381793475151062
gemma4-e2b-full-s1-penuh15,latih,1410,0.36486568450927737
gemma4-e2b-full-s1-penuh15,latih,1420,0.2962139844894409
gemma4-e2b-full-s1-penuh15,latih,1430,0.4445649147033691
gemma4-e2b-full-s1-penuh15,latih,1440,0.31513228416442873
gemma4-e2b-full-s1-penuh15,latih,1450,0.35546579360961916
gemma4-e2b-full-s1-penuh15,latih,1460,0.31104164123535155
gemma4-e2b-full-s1-penuh15,latih,1470,0.31806278228759766
gemma4-e2b-full-s1-penuh15,latih,1480,0.3887825012207031
gemma4-e2b-full-s1-penuh15,latih,1490,0.33106346130371095
gemma4-e2b-full-s1-penuh15,latih,1500,0.28447425365448
gemma4-e2b-full-s1-penuh15,latih,1510,0.29189424514770507
gemma4-e2b-full-s1-penuh15,latih,1520,0.3622962236404419
gemma4-e2b-full-s1-penuh15,latih,1530,0.3027878046035767
gemma4-e2b-full-s1-penuh15,latih,1540,0.3647346019744873
gemma4-e2b-full-s1-penuh15,latih,1550,0.34973347187042236
gemma4-e2b-full-s1-penuh15,latih,1560,0.3755174160003662
gemma4-e2b-full-s1-penuh15,latih,1570,0.34655008316040037
gemma4-e2b-full-s1-penuh15,latih,1580,0.352532172203064
gemma4-e2b-full-s1-penuh15,latih,1590,0.3198001623153687
gemma4-e2b-full-s1-penuh15,latih,1600,0.32350637912750246
gemma4-e2b-full-s1-penuh15,latih,1610,0.2125690460205078
gemma4-e2b-full-s1-penuh15,latih,1620,0.3171216011047363
gemma4-e2b-full-s1-penuh15,latih,1630,0.22491040229797363
gemma4-e2b-full-s1-penuh15,latih,1640,0.3107401132583618
gemma4-e2b-full-s1-penuh15,latih,1650,0.2906790256500244
gemma4-e2b-full-s1-penuh15,latih,1660,0.2700424909591675
gemma4-e2b-full-s1-penuh15,latih,1670,0.3060701608657837
gemma4-e2b-full-s1-penuh15,latih,1680,0.3632285356521606
gemma4-e2b-full-s1-penuh15,latih,1690,0.2668212175369263
gemma4-e2b-full-s1-penuh15,latih,1700,0.2936997890472412
gemma4-e2b-full-s1-penuh15,latih,1710,0.29569253921508787
gemma4-e2b-full-s1-penuh15,latih,1720,0.29312498569488527
gemma4-e2b-full-s1-penuh15,latih,1730,0.2900611400604248
gemma4-e2b-full-s1-penuh15,latih,1740,0.28232598304748535
gemma4-e2b-full-s1-penuh15,latih,1750,0.2959563732147217
gemma4-e2b-full-s1-penuh15,latih,1760,0.2948262691497803
gemma4-e2b-full-s1-penuh15,latih,1770,0.2754302740097046
gemma4-e2b-full-s1-penuh15,latih,1780,0.383180832862854
gemma4-e2b-full-s1-penuh15,latih,1790,0.30193204879760743
gemma4-e2b-full-s1-penuh15,latih,1800,0.27807796001434326
gemma4-e2b-full-s1-penuh15,latih,1810,0.2874067544937134
gemma4-e2b-full-s1-penuh15,latih,1820,0.2810667037963867
gemma4-e2b-full-s1-penuh15,latih,1830,0.2898318529129028
gemma4-e2b-full-s1-penuh15,latih,1840,0.27960388660430907
gemma4-e2b-full-s1-penuh15,latih,1850,0.27189552783966064
gemma4-e2b-full-s1-penuh15,latih,1860,0.26683337688446046
gemma4-e2b-full-s1-penuh15,latih,1870,0.2856157302856445
gemma4-e2b-full-s1-penuh15,latih,1880,0.29187970161437987
gemma4-e2b-full-s1-penuh15,latih,1890,0.2578468084335327
gemma4-e2b-full-s1-penuh15,latih,1900,0.1696602463722229
gemma4-e2b-full-s1-penuh15,latih,1910,0.21198484897613526
gemma4-e2b-full-s1-penuh15,latih,1920,0.278279185295105
gemma4-e2b-full-s1-penuh15,latih,1930,0.29297852516174316
gemma4-e2b-full-s1-penuh15,latih,1940,0.24790482521057128
gemma4-e2b-full-s1-penuh15,latih,1950,0.28506734371185305
gemma4-e2b-full-s1-penuh15,latih,1960,0.2933786869049072
gemma4-e2b-full-s1-penuh15,latih,1970,0.269272518157959
gemma4-e2b-full-s1-penuh15,latih,1980,0.286327600479126
gemma4-e2b-full-s1-penuh15,latih,1990,0.2429802656173706
gemma4-e2b-full-s1-penuh15,latih,2000,0.24447205066680908
gemma4-e2b-full-s1-penuh15,latih,2010,0.24494121074676514
gemma4-e2b-full-s1-penuh15,latih,2020,0.20037527084350587
gemma4-e2b-full-s1-penuh15,latih,2030,0.20110673904418946
gemma4-e2b-full-s1-penuh15,latih,2040,0.2789080858230591
gemma4-e2b-full-s1-penuh15,latih,2050,0.19017332792282104
gemma4-e2b-full-s1-penuh15,latih,2060,0.2550121068954468
gemma4-e2b-full-s1-penuh15,latih,2070,0.2889998435974121
gemma4-e2b-full-s1-penuh15,latih,2080,0.2987493991851807
gemma4-e2b-full-s1-penuh15,latih,2090,0.2704602241516113
gemma4-e2b-full-s1-penuh15,latih,2100,0.19964241981506348
gemma4-e2b-full-s1-penuh15,latih,2110,0.22330315113067628
gemma4-e2b-full-s1-penuh15,latih,2120,0.2361166000366211
gemma4-e2b-full-s1-penuh15,latih,2130,0.20484507083892822
gemma4-e2b-full-s1-penuh15,latih,2140,0.20602703094482422
gemma4-e2b-full-s1-penuh15,latih,2150,0.2498037338256836
gemma4-e2b-full-s1-penuh15,latih,2160,0.2497652530670166
gemma4-e2b-full-s1-penuh15,latih,2170,0.25181801319122316
gemma4-e2b-full-s1-penuh15,latih,2180,0.24164762496948242
gemma4-e2b-full-s1-penuh15,latih,2190,0.23666739463806152
gemma4-e2b-full-s1-penuh15,latih,2200,0.25743675231933594
gemma4-e2b-full-s1-penuh15,latih,2210,0.2462474822998047
gemma4-e2b-full-s1-penuh15,latih,2220,0.19596015214920043
gemma4-e2b-full-s1-penuh15,latih,2230,0.2472072124481201
gemma4-e2b-full-s1-penuh15,latih,2240,0.23215532302856445
gemma4-e2b-full-s1-penuh15,latih,2250,0.25306780338287355
gemma4-e2b-full-s1-penuh15,latih,2260,0.13866451978683472
gemma4-e2b-full-s1-penuh15,latih,2270,0.16159690618515016
gemma4-e2b-full-s1-penuh15,latih,2280,0.21290743350982666
gemma4-e2b-full-s1-penuh15,latih,2290,0.24535696506500243
gemma4-e2b-full-s1-penuh15,latih,2300,0.17117387056350708
gemma4-e2b-full-s1-penuh15,latih,2310,0.2051703691482544
gemma4-e2b-full-s1-penuh15,latih,2320,0.17222745418548585
gemma4-e2b-full-s1-penuh15,latih,2330,0.2405560255050659
gemma4-e2b-full-s1-penuh15,latih,2340,0.19704575538635255
gemma4-e2b-full-s1-penuh15,latih,2350,0.2103062868118286
gemma4-e2b-full-s1-penuh15,latih,2360,0.21663079261779786
gemma4-e2b-full-s1-penuh15,latih,2370,0.21530437469482422
gemma4-e2b-full-s1-penuh15,latih,2380,0.21139063835144042
gemma4-e2b-full-s1-penuh15,latih,2390,0.2131662130355835
gemma4-e2b-full-s1-penuh15,latih,2400,0.19756100177764893
gemma4-e2b-full-s1-penuh15,latih,2410,0.2206493377685547
gemma4-e2b-full-s1-penuh15,latih,2420,0.2026970386505127
gemma4-e2b-full-s1-penuh15,latih,2430,0.19319249391555787
gemma4-e2b-full-s1-penuh15,latih,2440,0.1656009793281555
gemma4-e2b-full-s1-penuh15,latih,2450,0.1937059998512268
gemma4-e2b-full-s1-penuh15,latih,2460,0.21141631603240968
gemma4-e2b-full-s1-penuh15,latih,2470,0.16881661415100097
gemma4-e2b-full-s1-penuh15,latih,2480,0.15343455076217652
gemma4-e2b-full-s1-penuh15,latih,2490,0.21842458248138427
gemma4-e2b-full-s1-penuh15,latih,2500,0.14739890098571778
gemma4-e2b-full-s1-penuh15,latih,2510,0.13669077157974244
gemma4-e2b-full-s1-penuh15,latih,2520,0.17185943126678466
gemma4-e2b-full-s1-penuh15,latih,2530,0.22296507358551027
gemma4-e2b-full-s1-penuh15,latih,2540,0.1427156925201416
gemma4-e2b-full-s1-penuh15,latih,2550,0.21901295185089112
gemma4-e2b-full-s1-penuh15,latih,2560,0.24796924591064454
gemma4-e2b-full-s1-penuh15,latih,2570,0.1787204384803772
gemma4-e2b-full-s1-penuh15,latih,2580,0.18545260429382324
gemma4-e2b-full-s1-penuh15,latih,2590,0.16564791202545165
gemma4-e2b-full-s1-penuh15,latih,2600,0.15621719360351563
gemma4-e2b-full-s1-penuh15,latih,2610,0.1979671835899353
gemma4-e2b-full-s1-penuh15,latih,2620,0.17737315893173217
gemma4-e2b-full-s1-penuh15,latih,2630,0.1435072422027588
gemma4-e2b-full-s1-penuh15,latih,2640,0.11352126598358155
gemma4-e2b-full-s1-penuh15,latih,2650,0.07865936756134033
gemma4-e2b-full-s1-penuh15,latih,2660,0.0887268602848053
gemma4-e2b-full-s1-penuh15,latih,2670,0.1482897162437439
gemma4-e2b-full-s1-penuh15,latih,2680,0.11905391216278076
gemma4-e2b-full-s1-penuh15,latih,2690,0.1043940544128418
gemma4-e2b-full-s1-penuh15,latih,2700,0.08329504728317261
gemma4-e2b-full-s1-penuh15,latih,2710,0.09481664896011352
gemma4-e2b-full-s1-penuh15,latih,2720,0.1095504879951477
gemma4-e2b-full-s1-penuh15,latih,2730,0.0969952642917633
gemma4-e2b-full-s1-penuh15,latih,2740,0.08830504417419434
gemma4-e2b-full-s1-penuh15,latih,2750,0.1114348292350769
gemma4-e2b-full-s1-penuh15,latih,2760,0.07182898521423339
gemma4-e2b-full-s1-penuh15,latih,2770,0.0951135516166687
gemma4-e2b-full-s1-penuh15,latih,2780,0.07703649401664733
gemma4-e2b-full-s1-penuh15,latih,2790,0.08190511465072632
gemma4-e2b-full-s1-penuh15,latih,2800,0.09002256393432617
gemma4-e2b-full-s1-penuh15,latih,2810,0.10329614877700806
gemma4-e2b-full-s1-penuh15,latih,2820,0.0960921287536621
gemma4-e2b-full-s1-penuh15,latih,2830,0.09010045528411866
gemma4-e2b-full-s1-penuh15,latih,2840,0.08170927762985229
gemma4-e2b-full-s1-penuh15,latih,2850,0.06878954768180848
gemma4-e2b-full-s1-penuh15,latih,2860,0.07797205448150635
gemma4-e2b-full-s1-penuh15,latih,2870,0.08786164522171021
gemma4-e2b-full-s1-penuh15,latih,2880,0.09227985739707947
gemma4-e2b-full-s1-penuh15,latih,2890,0.09709149003028869
gemma4-e2b-full-s1-penuh15,latih,2900,0.1168859839439392
gemma4-e2b-full-s1-penuh15,latih,2910,0.09462180137634277
gemma4-e2b-full-s1-penuh15,latih,2920,0.05932918787002563
gemma4-e2b-full-s1-penuh15,latih,2930,0.06943657994270325
gemma4-e2b-full-s1-penuh15,latih,2940,0.0923635184764862
gemma4-e2b-full-s1-penuh15,latih,2950,0.08771992921829223
gemma4-e2b-full-s1-penuh15,latih,2960,0.10143520832061767
gemma4-e2b-full-s1-penuh15,latih,2970,0.07139589190483094
gemma4-e2b-full-s1-penuh15,latih,2980,0.09180492162704468
gemma4-e2b-full-s1-penuh15,latih,2990,0.0849544107913971
gemma4-e2b-full-s1-penuh15,latih,3000,0.0945726215839386
gemma4-e2b-full-s1-penuh15,latih,3010,0.06955702304840088
gemma4-e2b-full-s1-penuh15,latih,3020,0.10035548210144044
gemma4-e2b-full-s1-penuh15,latih,3030,0.09146546721458435
gemma4-e2b-full-s1-penuh15,latih,3040,0.1249948263168335
gemma4-e2b-full-s1-penuh15,latih,3050,0.0782164216041565
gemma4-e2b-full-s1-penuh15,latih,3060,0.07301159501075745
gemma4-e2b-full-s1-penuh15,latih,3070,0.08134945034980774
gemma4-e2b-full-s1-penuh15,latih,3080,0.11938499212265015
gemma4-e2b-full-s1-penuh15,latih,3090,0.10822908878326416
gemma4-e2b-full-s1-penuh15,latih,3100,0.08755800127983093
gemma4-e2b-full-s1-penuh15,latih,3110,0.0505125880241394
gemma4-e2b-full-s1-penuh15,latih,3120,0.058436733484268186
gemma4-e2b-full-s1-penuh15,latih,3130,0.07217888236045837
gemma4-e2b-full-s1-penuh15,latih,3140,0.0803167998790741
gemma4-e2b-full-s1-penuh15,latih,3150,0.08221344947814942
gemma4-e2b-full-s1-penuh15,latih,3160,0.06461413502693177
gemma4-e2b-full-s1-penuh15,latih,3170,0.08700240254402161
gemma4-e2b-full-s1-penuh15,latih,3180,0.08816936016082763
gemma4-e2b-full-s1-penuh15,latih,3190,0.0814480185508728
gemma4-e2b-full-s1-penuh15,latih,3200,0.10931063890457153
gemma4-e2b-full-s1-penuh15,latih,3210,0.09561529159545898
gemma4-e2b-full-s1-penuh15,latih,3220,0.07717990279197692
gemma4-e2b-full-s1-penuh15,latih,3230,0.10975266695022583
gemma4-e2b-full-s1-penuh15,latih,3240,0.07810328602790832
gemma4-e2b-full-s1-penuh15,latih,3250,0.0605446457862854
gemma4-e2b-full-s1-penuh15,latih,3260,0.06838735342025756
gemma4-e2b-full-s1-penuh15,latih,3270,0.08727288842201233
gemma4-e2b-full-s1-penuh15,latih,3280,0.07955510020256043
gemma4-e2b-full-s1-penuh15,latih,3290,0.08465218544006348
gemma4-e2b-full-s1-penuh15,latih,3300,0.0698091745376587
gemma4-e2b-full-s1-penuh15,latih,3310,0.07529565095901489
gemma4-e2b-full-s1-penuh15,latih,3320,0.07012593746185303
gemma4-e2b-full-s1-penuh15,latih,3330,0.09226078391075135
gemma4-e2b-full-s1-penuh15,latih,3340,0.09554901123046874
gemma4-e2b-full-s1-penuh15,latih,3350,0.06136287450790405
gemma4-e2b-full-s1-penuh15,latih,3360,0.037315407395362855
gemma4-e2b-full-s1-penuh15,latih,3370,0.10418107509613037
gemma4-e2b-full-s1-penuh15,latih,3380,0.09017351269721985
gemma4-e2b-full-s1-penuh15,latih,3390,0.07898961901664733
gemma4-e2b-full-s1-penuh15,latih,3400,0.05807293653488159
gemma4-e2b-full-s1-penuh15,latih,3410,0.09678642153739929
gemma4-e2b-full-s1-penuh15,latih,3420,0.0863401472568512
gemma4-e2b-full-s1-penuh15,latih,3430,0.07128469347953796
gemma4-e2b-full-s1-penuh15,latih,3440,0.09227207899093628
gemma4-e2b-full-s1-penuh15,latih,3450,0.09112893342971802
gemma4-e2b-full-s1-penuh15,latih,3460,0.061536818742752075
gemma4-e2b-full-s1-penuh15,latih,3470,0.08022366762161255
gemma4-e2b-full-s1-penuh15,latih,3480,0.06781325340270997
gemma4-e2b-full-s1-penuh15,latih,3490,0.09181561470031738
gemma4-e2b-full-s1-penuh15,latih,3500,0.061026811599731445
gemma4-e2b-full-s1-penuh15,latih,3510,0.10300606489181519
gemma4-e2b-full-s1-penuh15,latih,3520,0.09160823225975037
gemma4-e2b-full-s1-penuh15,latih,3530,0.08247622847557068
gemma4-e2b-full-s1-penuh15,latih,3540,0.08853556513786316
gemma4-e2b-full-s1-penuh15,latih,3550,0.10020893812179565
gemma4-e2b-full-s1-penuh15,latih,3560,0.07727946639060974
gemma4-e2b-full-s1-penuh15,latih,3570,0.08053764104843139
gemma4-e2b-full-s1-penuh15,latih,3580,0.07038044929504395
gemma4-e2b-full-s1-penuh15,latih,3590,0.07579180002212524
gemma4-e2b-full-s1-penuh15,latih,3600,0.05291338562965393
gemma4-e2b-full-s1-penuh15,latih,3610,0.12491315603256226
gemma4-e2b-full-s1-penuh15,latih,3620,0.10603368282318115
gemma4-e2b-full-s1-penuh15,latih,3630,0.075799560546875
gemma4-e2b-full-s1-penuh15,latih,3640,0.08730574250221253
gemma4-e2b-full-s1-penuh15,latih,3650,0.09498963952064514
gemma4-e2b-full-s1-penuh15,latih,3660,0.06168219447135925
gemma4-e2b-full-s1-penuh15,latih,3670,0.06700813174247741
gemma4-e2b-full-s1-penuh15,latih,3680,0.08004792332649231
gemma4-e2b-full-s1-penuh15,latih,3690,0.10244144201278686
gemma4-e2b-full-s1-penuh15,latih,3700,0.08493450284004211
gemma4-e2b-full-s1-penuh15,latih,3710,0.07820729613304138
gemma4-e2b-full-s1-penuh15,latih,3720,0.08234153985977173
gemma4-e2b-full-s1-penuh15,latih,3730,0.10035287141799927
gemma4-e2b-full-s1-penuh15,latih,3740,0.06790130734443664
gemma4-e2b-full-s1-penuh15,latih,3750,0.06929988861083984
gemma4-e2b-full-s1-penuh15,latih,3760,0.07002891898155213
gemma4-e2b-full-s1-penuh15,latih,3770,0.06422259211540222
gemma4-e2b-full-s1-penuh15,latih,3780,0.06524199843406678
gemma4-e2b-full-s1-penuh15,latih,3790,0.1127632737159729
gemma4-e2b-full-s1-penuh15,latih,3800,0.06703818440437317
gemma4-e2b-full-s1-penuh15,latih,3810,0.0756493091583252
gemma4-e2b-full-s1-penuh15,latih,3820,0.09530693888664246
gemma4-e2b-full-s1-penuh15,latih,3830,0.09355490803718566
gemma4-e2b-full-s1-penuh15,latih,3840,0.05921679139137268
gemma4-e2b-full-s1-penuh15,latih,3850,0.07842521667480469
gemma4-e2b-full-s1-penuh15,latih,3860,0.07460249662399292
gemma4-e2b-full-s1-penuh15,latih,3870,0.05623737573623657
gemma4-e2b-full-s1-penuh15,latih,3880,0.08135253190994263
gemma4-e2b-full-s1-penuh15,latih,3890,0.03911412954330444
gemma4-e2b-full-s1-penuh15,latih,3900,0.07343188524246216
gemma4-e2b-full-s1-penuh15,latih,3910,0.06239442825317383
gemma4-e2b-full-s1-penuh15,latih,3920,0.07815529704093933
gemma4-e2b-full-s1-penuh15,validasi,1309,0.47798216342926025
gemma4-e2b-full-s1-penuh15,validasi,2618,0.23503339290618896
gemma4-e2b-full-s1-penuh15,validasi,3927,0.21313701570034027
gemma4-e2b-full-s1-r32,latih,10,6.860755920410156
gemma4-e2b-full-s1-r32,latih,20,4.470599746704101
gemma4-e2b-full-s1-r32,latih,30,2.456012725830078
gemma4-e2b-full-s1-r32,latih,40,2.180224609375
gemma4-e2b-full-s1-r32,latih,50,2.0024621963500975
gemma4-e2b-full-s1-r32,latih,60,1.4235143661499023
gemma4-e2b-full-s1-r32,latih,70,1.349951171875
gemma4-e2b-full-s1-r32,latih,80,1.4071621894836426
gemma4-e2b-full-s1-r32,latih,90,1.3776659965515137
gemma4-e2b-full-s1-r32,latih,100,1.3609057426452638
gemma4-e2b-full-s1-r32,latih,110,1.7335945129394532
gemma4-e2b-full-s1-r32,latih,120,1.328848171234131
gemma4-e2b-full-s1-r32,latih,130,1.164107608795166
gemma4-e2b-full-s1-r32,latih,140,1.3435093879699707
gemma4-e2b-full-s1-r32,latih,150,1.4939489364624023
gemma4-e2b-full-s1-r32,latih,160,1.0413032531738282
gemma4-e2b-full-s1-r32,latih,170,1.0397658348083496
gemma4-e2b-full-s1-r32,latih,180,1.2126192092895507
gemma4-e2b-full-s1-r32,latih,190,0.814849853515625
gemma4-e2b-full-s1-r32,latih,200,1.2084561347961427
gemma4-e2b-full-s1-r32,latih,210,1.272985076904297
gemma4-e2b-full-s1-r32,latih,220,1.115188217163086
gemma4-e2b-full-s1-r32,latih,230,1.1685317993164062
gemma4-e2b-full-s1-r32,latih,240,1.1220854759216308
gemma4-e2b-full-s1-r32,latih,250,1.2780532836914062
gemma4-e2b-full-s1-r32,latih,260,1.1906075477600098
gemma4-e2b-full-s1-r32,latih,270,1.0624969482421875
gemma4-e2b-full-s1-r32,latih,280,1.0820426940917969
gemma4-e2b-full-s1-r32,latih,290,0.9616171836853027
gemma4-e2b-full-s1-r32,latih,300,1.2973676681518556
gemma4-e2b-full-s1-r32,latih,310,0.8103035926818848
gemma4-e2b-full-s1-r32,latih,320,0.8287831306457519
gemma4-e2b-full-s1-r32,latih,330,0.9508827209472657
gemma4-e2b-full-s1-r32,latih,340,0.7969615459442139
gemma4-e2b-full-s1-r32,latih,350,0.994987964630127
gemma4-e2b-full-s1-r32,latih,360,1.027104091644287
gemma4-e2b-full-s1-r32,latih,370,0.9819523811340332
gemma4-e2b-full-s1-r32,latih,380,0.7888333320617675
gemma4-e2b-full-s1-r32,latih,390,0.9028860092163086
gemma4-e2b-full-s1-r32,latih,400,1.2018038749694824
gemma4-e2b-full-s1-r32,latih,410,0.9341899871826171
gemma4-e2b-full-s1-r32,latih,420,0.8680058479309082
gemma4-e2b-full-s1-r32,latih,430,0.841710090637207
gemma4-e2b-full-s1-r32,latih,440,0.8443763732910157
gemma4-e2b-full-s1-r32,latih,450,1.079953956604004
gemma4-e2b-full-s1-r32,latih,460,0.8477489471435546
gemma4-e2b-full-s1-r32,latih,470,0.7447919845581055
gemma4-e2b-full-s1-r32,latih,480,0.8841950416564941
gemma4-e2b-full-s1-r32,latih,490,0.8513912200927735
gemma4-e2b-full-s1-r32,latih,500,0.8527199745178222
gemma4-e2b-full-s1-r32,latih,510,0.8241833686828614
gemma4-e2b-full-s1-r32,latih,520,0.6554975509643555
gemma4-e2b-full-s1-r32,latih,530,0.7786052227020264
gemma4-e2b-full-s1-r32,latih,540,0.8113739013671875
gemma4-e2b-full-s1-r32,latih,550,0.9914922714233398
gemma4-e2b-full-s1-r32,latih,560,0.855372428894043
gemma4-e2b-full-s1-r32,latih,570,0.8679637908935547
gemma4-e2b-full-s1-r32,latih,580,0.7094448566436767
gemma4-e2b-full-s1-r32,latih,590,0.8731196403503418
gemma4-e2b-full-s1-r32,latih,600,0.8249059677124023
gemma4-e2b-full-s1-r32,latih,610,1.0320335388183595
gemma4-e2b-full-s1-r32,latih,620,0.6376556396484375
gemma4-e2b-full-s1-r32,latih,630,0.7846517086029052
gemma4-e2b-full-s1-r32,latih,640,0.7582727909088135
gemma4-e2b-full-s1-r32,latih,650,0.6267178058624268
gemma4-e2b-full-s1-r32,latih,660,0.7824151039123535
gemma4-e2b-full-s1-r32,latih,670,0.7326323986053467
gemma4-e2b-full-s1-r32,latih,680,0.7577626705169678
gemma4-e2b-full-s1-r32,latih,690,0.5861226558685303
gemma4-e2b-full-s1-r32,latih,700,0.5733083248138428
gemma4-e2b-full-s1-r32,latih,710,0.632098388671875
gemma4-e2b-full-s1-r32,latih,720,0.7751713752746582
gemma4-e2b-full-s1-r32,latih,730,0.6388348579406739
gemma4-e2b-full-s1-r32,latih,740,0.5786571502685547
gemma4-e2b-full-s1-r32,latih,750,0.777967882156372
gemma4-e2b-full-s1-r32,latih,760,0.6880410671234131
gemma4-e2b-full-s1-r32,latih,770,0.6697128772735595
gemma4-e2b-full-s1-r32,latih,780,0.5479095935821533
gemma4-e2b-full-s1-r32,latih,790,0.7601006507873536
gemma4-e2b-full-s1-r32,latih,800,0.5947934627532959
gemma4-e2b-full-s1-r32,latih,810,0.4662768840789795
gemma4-e2b-full-s1-r32,latih,820,0.6945979118347168
gemma4-e2b-full-s1-r32,latih,830,0.7818079948425293
gemma4-e2b-full-s1-r32,latih,840,0.5182262420654297
gemma4-e2b-full-s1-r32,latih,850,0.5526957988739014
gemma4-e2b-full-s1-r32,latih,860,0.45166869163513185
gemma4-e2b-full-s1-r32,latih,870,0.557155179977417
gemma4-e2b-full-s1-r32,latih,880,0.5311419486999511
gemma4-e2b-full-s1-r32,latih,890,0.5208132266998291
gemma4-e2b-full-s1-r32,latih,900,0.501777458190918
gemma4-e2b-full-s1-r32,latih,910,0.5052426815032959
gemma4-e2b-full-s1-r32,latih,920,0.5385591506958007
gemma4-e2b-full-s1-r32,latih,930,0.6312025547027588
gemma4-e2b-full-s1-r32,latih,940,0.7601855278015137
gemma4-e2b-full-s1-r32,latih,950,0.5213823795318604
gemma4-e2b-full-s1-r32,latih,960,0.5874614238739013
gemma4-e2b-full-s1-r32,latih,970,0.5392256259918213
gemma4-e2b-full-s1-r32,latih,980,0.4924131393432617
gemma4-e2b-full-s1-r32,latih,990,0.5102193355560303
gemma4-e2b-full-s1-r32,latih,1000,0.6976560115814209
gemma4-e2b-full-s1-r32,latih,1010,0.5160848140716553
gemma4-e2b-full-s1-r32,latih,1020,0.5119122982025146
gemma4-e2b-full-s1-r32,latih,1030,0.5804873466491699
gemma4-e2b-full-s1-r32,latih,1040,0.5121520519256592
gemma4-e2b-full-s1-r32,latih,1050,0.4223992347717285
gemma4-e2b-full-s1-r32,latih,1060,0.4285090446472168
gemma4-e2b-full-s1-r32,latih,1070,0.3639084339141846
gemma4-e2b-full-s1-r32,latih,1080,0.40791921615600585
gemma4-e2b-full-s1-r32,latih,1090,0.5517532825469971
gemma4-e2b-full-s1-r32,latih,1100,0.4601233959197998
gemma4-e2b-full-s1-r32,latih,1110,0.4731000900268555
gemma4-e2b-full-s1-r32,latih,1120,0.5031320571899414
gemma4-e2b-full-s1-r32,latih,1130,0.3625869512557983
gemma4-e2b-full-s1-r32,latih,1140,0.3613168001174927
gemma4-e2b-full-s1-r32,latih,1150,0.38283348083496094
gemma4-e2b-full-s1-r32,latih,1160,0.3856825828552246
gemma4-e2b-full-s1-r32,latih,1170,0.4636033058166504
gemma4-e2b-full-s1-r32,latih,1180,0.5005362033843994
gemma4-e2b-full-s1-r32,latih,1190,0.37273144721984863
gemma4-e2b-full-s1-r32,latih,1200,0.4273209571838379
gemma4-e2b-full-s1-r32,latih,1210,0.4458956241607666
gemma4-e2b-full-s1-r32,latih,1220,0.39280688762664795
gemma4-e2b-full-s1-r32,latih,1230,0.36878917217254636
gemma4-e2b-full-s1-r32,latih,1240,0.5154259204864502
gemma4-e2b-full-s1-r32,latih,1250,0.350938606262207
gemma4-e2b-full-s1-r32,latih,1260,0.37015695571899415
gemma4-e2b-full-s1-r32,latih,1270,0.41975960731506345
gemma4-e2b-full-s1-r32,latih,1280,0.38016529083251954
gemma4-e2b-full-s1-r32,latih,1290,0.3972849130630493
gemma4-e2b-full-s1-r32,latih,1300,0.34004759788513184
gemma4-e2b-full-s1-r32,latih,1310,0.3407724618911743
gemma4-e2b-full-s1-r32,latih,1320,0.29732844829559324
gemma4-e2b-full-s1-r32,latih,1330,0.30106201171875
gemma4-e2b-full-s1-r32,latih,1340,0.2846097946166992
gemma4-e2b-full-s1-r32,latih,1350,0.29415857791900635
gemma4-e2b-full-s1-r32,latih,1360,0.25869629383087156
gemma4-e2b-full-s1-r32,latih,1370,0.26867380142211916
gemma4-e2b-full-s1-r32,latih,1380,0.3438935041427612
gemma4-e2b-full-s1-r32,latih,1390,0.30541181564331055
gemma4-e2b-full-s1-r32,latih,1400,0.32911641597747804
gemma4-e2b-full-s1-r32,latih,1410,0.25704326629638674
gemma4-e2b-full-s1-r32,latih,1420,0.20576820373535157
gemma4-e2b-full-s1-r32,latih,1430,0.26661622524261475
gemma4-e2b-full-s1-r32,latih,1440,0.2732317686080933
gemma4-e2b-full-s1-r32,latih,1450,0.2397392511367798
gemma4-e2b-full-s1-r32,latih,1460,0.30698020458221437
gemma4-e2b-full-s1-r32,latih,1470,0.3005528450012207
gemma4-e2b-full-s1-r32,latih,1480,0.23807892799377442
gemma4-e2b-full-s1-r32,latih,1490,0.2697999715805054
gemma4-e2b-full-s1-r32,latih,1500,0.23350350856781005
gemma4-e2b-full-s1-r32,latih,1510,0.2653753995895386
gemma4-e2b-full-s1-r32,latih,1520,0.2722963809967041
gemma4-e2b-full-s1-r32,latih,1530,0.21600675582885742
gemma4-e2b-full-s1-r32,latih,1540,0.22345232963562012
gemma4-e2b-full-s1-r32,latih,1550,0.2183518886566162
gemma4-e2b-full-s1-r32,latih,1560,0.2270279884338379
gemma4-e2b-full-s1-r32,latih,1570,0.254130220413208
gemma4-e2b-full-s1-r32,latih,1580,0.23925509452819824
gemma4-e2b-full-s1-r32,latih,1590,0.2296968936920166
gemma4-e2b-full-s1-r32,latih,1600,0.1722218632698059
gemma4-e2b-full-s1-r32,latih,1610,0.24481077194213868
gemma4-e2b-full-s1-r32,latih,1620,0.24794845581054686
gemma4-e2b-full-s1-r32,latih,1630,0.2098388671875
gemma4-e2b-full-s1-r32,latih,1640,0.19728416204452515
gemma4-e2b-full-s1-r32,latih,1650,0.2407860517501831
gemma4-e2b-full-s1-r32,latih,1660,0.24176695346832275
gemma4-e2b-full-s1-r32,latih,1670,0.14292274713516234
gemma4-e2b-full-s1-r32,latih,1680,0.18729691505432128
gemma4-e2b-full-s1-r32,latih,1690,0.19950515031814575
gemma4-e2b-full-s1-r32,latih,1700,0.25036728382110596
gemma4-e2b-full-s1-r32,latih,1710,0.23228299617767334
gemma4-e2b-full-s1-r32,latih,1720,0.1708972215652466
gemma4-e2b-full-s1-r32,latih,1730,0.18031822443008422
gemma4-e2b-full-s1-r32,latih,1740,0.21434590816497803
gemma4-e2b-full-s1-r32,latih,1750,0.1687413454055786
gemma4-e2b-full-s1-r32,latih,1760,0.17339588403701783
gemma4-e2b-full-s1-r32,latih,1770,0.20782020092010497
gemma4-e2b-full-s1-r32,latih,1780,0.25207569599151614
gemma4-e2b-full-s1-r32,latih,1790,0.16987082958221436
gemma4-e2b-full-s1-r32,latih,1800,0.19773974418640136
gemma4-e2b-full-s1-r32,latih,1810,0.19492589235305785
gemma4-e2b-full-s1-r32,latih,1820,0.20455565452575683
gemma4-e2b-full-s1-r32,latih,1830,0.19553167819976808
gemma4-e2b-full-s1-r32,latih,1840,0.1787472367286682
gemma4-e2b-full-s1-r32,latih,1850,0.20598175525665283
gemma4-e2b-full-s1-r32,latih,1860,0.2102113962173462
gemma4-e2b-full-s1-r32,latih,1870,0.2607736587524414
gemma4-e2b-full-s1-r32,latih,1880,0.1915264368057251
gemma4-e2b-full-s1-r32,latih,1890,0.1917441487312317
gemma4-e2b-full-s1-r32,latih,1900,0.15913947820663452
gemma4-e2b-full-s1-r32,latih,1910,0.17930984497070312
gemma4-e2b-full-s1-r32,latih,1920,0.1581658124923706
gemma4-e2b-full-s1-r32,latih,1930,0.12898370027542114
gemma4-e2b-full-s1-r32,latih,1940,0.1485278844833374
gemma4-e2b-full-s1-r32,latih,1950,0.20702295303344725
gemma4-e2b-full-s1-r32,latih,1960,0.16952216625213623
gemma4-e2b-full-s1-r32,latih,1970,0.1709856629371643
gemma4-e2b-full-s1-r32,latih,1980,0.18105005025863646
gemma4-e2b-full-s1-r32,latih,1990,0.15627870559692383
gemma4-e2b-full-s1-r32,latih,2000,0.1588282108306885
gemma4-e2b-full-s1-r32,latih,2010,0.20813140869140626
gemma4-e2b-full-s1-r32,latih,2020,0.14959313869476318
gemma4-e2b-full-s1-r32,latih,2030,0.16596310138702391
gemma4-e2b-full-s1-r32,latih,2040,0.1550155758857727
gemma4-e2b-full-s1-r32,latih,2050,0.17333334684371948
gemma4-e2b-full-s1-r32,latih,2060,0.20841140747070314
gemma4-e2b-full-s1-r32,latih,2070,0.11446985006332397
gemma4-e2b-full-s1-r32,latih,2080,0.15324313640594484
gemma4-e2b-full-s1-r32,latih,2090,0.2158839225769043
gemma4-e2b-full-s1-r32,latih,2100,0.17210521697998046
gemma4-e2b-full-s1-r32,latih,2110,0.13691734075546264
gemma4-e2b-full-s1-r32,latih,2120,0.15457597970962525
gemma4-e2b-full-s1-r32,latih,2130,0.14527539014816285
gemma4-e2b-full-s1-r32,latih,2140,0.15976561307907106
gemma4-e2b-full-s1-r32,latih,2150,0.20921144485473633
gemma4-e2b-full-s1-r32,latih,2160,0.1270681619644165
gemma4-e2b-full-s1-r32,latih,2170,0.11704477071762084
gemma4-e2b-full-s1-r32,latih,2180,0.16678131818771363
gemma4-e2b-full-s1-r32,latih,2190,0.15695033073425294
gemma4-e2b-full-s1-r32,latih,2200,0.1543792486190796
gemma4-e2b-full-s1-r32,latih,2210,0.1362088441848755
gemma4-e2b-full-s1-r32,latih,2220,0.1199182152748108
gemma4-e2b-full-s1-r32,latih,2230,0.11596064567565918
gemma4-e2b-full-s1-r32,latih,2240,0.14686399698257446
gemma4-e2b-full-s1-r32,latih,2250,0.17328088283538817
gemma4-e2b-full-s1-r32,latih,2260,0.14209413528442383
gemma4-e2b-full-s1-r32,latih,2270,0.09418514370918274
gemma4-e2b-full-s1-r32,latih,2280,0.188572895526886
gemma4-e2b-full-s1-r32,latih,2290,0.116112220287323
gemma4-e2b-full-s1-r32,latih,2300,0.12458937168121338
gemma4-e2b-full-s1-r32,latih,2310,0.10173652172088624
gemma4-e2b-full-s1-r32,latih,2320,0.1478190541267395
gemma4-e2b-full-s1-r32,latih,2330,0.16255443096160888
gemma4-e2b-full-s1-r32,latih,2340,0.14665074348449708
gemma4-e2b-full-s1-r32,latih,2350,0.1049805760383606
gemma4-e2b-full-s1-r32,latih,2360,0.14427145719528198
gemma4-e2b-full-s1-r32,latih,2370,0.1614537477493286
gemma4-e2b-full-s1-r32,latih,2380,0.13142948150634765
gemma4-e2b-full-s1-r32,latih,2390,0.14150505065917968
gemma4-e2b-full-s1-r32,latih,2400,0.22003705501556398
gemma4-e2b-full-s1-r32,latih,2410,0.13688703775405883
gemma4-e2b-full-s1-r32,latih,2420,0.12544244527816772
gemma4-e2b-full-s1-r32,latih,2430,0.129423987865448
gemma4-e2b-full-s1-r32,latih,2440,0.13921235799789428
gemma4-e2b-full-s1-r32,latih,2450,0.14034663438796996
gemma4-e2b-full-s1-r32,latih,2460,0.10603412389755248
gemma4-e2b-full-s1-r32,latih,2470,0.11708569526672363
gemma4-e2b-full-s1-r32,latih,2480,0.1293812394142151
gemma4-e2b-full-s1-r32,latih,2490,0.16313165426254272
gemma4-e2b-full-s1-r32,latih,2500,0.13956754207611083
gemma4-e2b-full-s1-r32,latih,2510,0.12868365049362182
gemma4-e2b-full-s1-r32,latih,2520,0.1354412317276001
gemma4-e2b-full-s1-r32,latih,2530,0.14615390300750733
gemma4-e2b-full-s1-r32,latih,2540,0.10822516679763794
gemma4-e2b-full-s1-r32,latih,2550,0.18205655813217164
gemma4-e2b-full-s1-r32,latih,2560,0.16036156415939332
gemma4-e2b-full-s1-r32,latih,2570,0.14524004459381104
gemma4-e2b-full-s1-r32,latih,2580,0.1587386131286621
gemma4-e2b-full-s1-r32,latih,2590,0.1141901969909668
gemma4-e2b-full-s1-r32,latih,2600,0.1207418441772461
gemma4-e2b-full-s1-r32,latih,2610,0.17578712701797486
gemma4-e2b-full-s1-r32,latih,2620,0.10474469661712646
gemma4-e2b-full-s1-r32,validasi,1311,0.3975851535797119
gemma4-e2b-full-s1-r32,validasi,2622,0.24392686784267426
gemma4-e2b-full-s1-r8,latih,10,7.008457946777344
gemma4-e2b-full-s1-r8,latih,20,6.343171691894531
gemma4-e2b-full-s1-r8,latih,30,3.903851318359375
gemma4-e2b-full-s1-r8,latih,40,2.766534423828125
gemma4-e2b-full-s1-r8,latih,50,2.3588722229003904
gemma4-e2b-full-s1-r8,latih,60,1.6740196228027344
gemma4-e2b-full-s1-r8,latih,70,1.5084296226501466
gemma4-e2b-full-s1-r8,latih,80,1.5581366539001464
gemma4-e2b-full-s1-r8,latih,90,1.499272060394287
gemma4-e2b-full-s1-r8,latih,100,1.473112201690674
gemma4-e2b-full-s1-r8,latih,110,1.782130813598633
gemma4-e2b-full-s1-r8,latih,120,1.4135581016540528
gemma4-e2b-full-s1-r8,latih,130,1.244920253753662
gemma4-e2b-full-s1-r8,latih,140,1.3818580627441406
gemma4-e2b-full-s1-r8,latih,150,1.5274487495422364
gemma4-e2b-full-s1-r8,latih,160,1.0821104049682617
gemma4-e2b-full-s1-r8,latih,170,1.0912617683410644
gemma4-e2b-full-s1-r8,latih,180,1.2702022552490235
gemma4-e2b-full-s1-r8,latih,190,0.8754442214965821
gemma4-e2b-full-s1-r8,latih,200,1.255564022064209
gemma4-e2b-full-s1-r8,latih,210,1.3167058944702148
gemma4-e2b-full-s1-r8,latih,220,1.1714140892028808
gemma4-e2b-full-s1-r8,latih,230,1.2202838897705077
gemma4-e2b-full-s1-r8,latih,240,1.1754201889038085
gemma4-e2b-full-s1-r8,latih,250,1.362070655822754
gemma4-e2b-full-s1-r8,latih,260,1.266073989868164
gemma4-e2b-full-s1-r8,latih,270,1.1205066680908202
gemma4-e2b-full-s1-r8,latih,280,1.1474452018737793
gemma4-e2b-full-s1-r8,latih,290,1.032878589630127
gemma4-e2b-full-s1-r8,latih,300,1.3831618309020997
gemma4-e2b-full-s1-r8,latih,310,0.8548669815063477
gemma4-e2b-full-s1-r8,latih,320,0.8778168678283691
gemma4-e2b-full-s1-r8,latih,330,1.0052001953125
gemma4-e2b-full-s1-r8,latih,340,0.8723366737365723
gemma4-e2b-full-s1-r8,latih,350,1.042490005493164
gemma4-e2b-full-s1-r8,latih,360,1.0971375465393067
gemma4-e2b-full-s1-r8,latih,370,1.079019546508789
gemma4-e2b-full-s1-r8,latih,380,0.8229434013366699
gemma4-e2b-full-s1-r8,latih,390,0.9608358383178711
gemma4-e2b-full-s1-r8,latih,400,1.2720437049865723
gemma4-e2b-full-s1-r8,latih,410,1.016434669494629
gemma4-e2b-full-s1-r8,latih,420,0.9085413932800293
gemma4-e2b-full-s1-r8,latih,430,0.9254692077636719
gemma4-e2b-full-s1-r8,latih,440,0.9025782585144043
gemma4-e2b-full-s1-r8,latih,450,1.1615143775939942
gemma4-e2b-full-s1-r8,latih,460,0.9196291923522949
gemma4-e2b-full-s1-r8,latih,470,0.8348653793334961
gemma4-e2b-full-s1-r8,latih,480,0.9469866752624512
gemma4-e2b-full-s1-r8,latih,490,0.8913263320922852
gemma4-e2b-full-s1-r8,latih,500,0.9820905685424804
gemma4-e2b-full-s1-r8,latih,510,0.8943977355957031
gemma4-e2b-full-s1-r8,latih,520,0.7386791706085205
gemma4-e2b-full-s1-r8,latih,530,0.8762205123901368
gemma4-e2b-full-s1-r8,latih,540,0.921628761291504
gemma4-e2b-full-s1-r8,latih,550,1.1170753479003905
gemma4-e2b-full-s1-r8,latih,560,0.97171630859375
gemma4-e2b-full-s1-r8,latih,570,0.9470736503601074
gemma4-e2b-full-s1-r8,latih,580,0.7861827850341797
gemma4-e2b-full-s1-r8,latih,590,0.9396866798400879
gemma4-e2b-full-s1-r8,latih,600,0.9466730117797851
gemma4-e2b-full-s1-r8,latih,610,1.206270694732666
gemma4-e2b-full-s1-r8,latih,620,0.7131124019622803
gemma4-e2b-full-s1-r8,latih,630,0.9251237869262695
gemma4-e2b-full-s1-r8,latih,640,0.8678078651428223
gemma4-e2b-full-s1-r8,latih,650,0.7108782291412353
gemma4-e2b-full-s1-r8,latih,660,0.9229662895202637
gemma4-e2b-full-s1-r8,latih,670,0.8184722900390625
gemma4-e2b-full-s1-r8,latih,680,0.8843635559082031
gemma4-e2b-full-s1-r8,latih,690,0.6560149669647217
gemma4-e2b-full-s1-r8,latih,700,0.6564931392669677
gemma4-e2b-full-s1-r8,latih,710,0.7683970928192139
gemma4-e2b-full-s1-r8,latih,720,0.886906909942627
gemma4-e2b-full-s1-r8,latih,730,0.7659441471099854
gemma4-e2b-full-s1-r8,latih,740,0.7058976650238037
gemma4-e2b-full-s1-r8,latih,750,0.9421127319335938
gemma4-e2b-full-s1-r8,latih,760,0.8136073112487793
gemma4-e2b-full-s1-r8,latih,770,0.8251209259033203
gemma4-e2b-full-s1-r8,latih,780,0.5981707096099853
gemma4-e2b-full-s1-r8,latih,790,0.8591843605041504
gemma4-e2b-full-s1-r8,latih,800,0.6925959110260009
gemma4-e2b-full-s1-r8,latih,810,0.5851377964019775
gemma4-e2b-full-s1-r8,latih,820,0.8110989570617676
gemma4-e2b-full-s1-r8,latih,830,0.9421932220458984
gemma4-e2b-full-s1-r8,latih,840,0.6365183830261231
gemma4-e2b-full-s1-r8,latih,850,0.7071051120758056
gemma4-e2b-full-s1-r8,latih,860,0.524665117263794
gemma4-e2b-full-s1-r8,latih,870,0.6803160190582276
gemma4-e2b-full-s1-r8,latih,880,0.6466119766235352
gemma4-e2b-full-s1-r8,latih,890,0.6644962310791016
gemma4-e2b-full-s1-r8,latih,900,0.625776720046997
gemma4-e2b-full-s1-r8,latih,910,0.5887038230895996
gemma4-e2b-full-s1-r8,latih,920,0.6425675392150879
gemma4-e2b-full-s1-r8,latih,930,0.7150164604187011
gemma4-e2b-full-s1-r8,latih,940,0.8909905433654786
gemma4-e2b-full-s1-r8,latih,950,0.5833676815032959
gemma4-e2b-full-s1-r8,latih,960,0.7621065139770508
gemma4-e2b-full-s1-r8,latih,970,0.6660567283630371
gemma4-e2b-full-s1-r8,latih,980,0.583228349685669
gemma4-e2b-full-s1-r8,latih,990,0.6313347816467285
gemma4-e2b-full-s1-r8,latih,1000,0.8856876373291016
gemma4-e2b-full-s1-r8,latih,1010,0.6686972618103028
gemma4-e2b-full-s1-r8,latih,1020,0.660286283493042
gemma4-e2b-full-s1-r8,latih,1030,0.7393657684326171
gemma4-e2b-full-s1-r8,latih,1040,0.6168843269348144
gemma4-e2b-full-s1-r8,latih,1050,0.5816658973693848
gemma4-e2b-full-s1-r8,latih,1060,0.5846235275268554
gemma4-e2b-full-s1-r8,latih,1070,0.48144192695617677
gemma4-e2b-full-s1-r8,latih,1080,0.6072875499725342
gemma4-e2b-full-s1-r8,latih,1090,0.6834805488586426
gemma4-e2b-full-s1-r8,latih,1100,0.5480606079101562
gemma4-e2b-full-s1-r8,latih,1110,0.5571605205535889
gemma4-e2b-full-s1-r8,latih,1120,0.6476059913635254
gemma4-e2b-full-s1-r8,latih,1130,0.48554625511169436
gemma4-e2b-full-s1-r8,latih,1140,0.497589111328125
gemma4-e2b-full-s1-r8,latih,1150,0.4826846122741699
gemma4-e2b-full-s1-r8,latih,1160,0.512349796295166
gemma4-e2b-full-s1-r8,latih,1170,0.5658669948577881
gemma4-e2b-full-s1-r8,latih,1180,0.6479871273040771
gemma4-e2b-full-s1-r8,latih,1190,0.4928084373474121
gemma4-e2b-full-s1-r8,latih,1200,0.6070570945739746
gemma4-e2b-full-s1-r8,latih,1210,0.6079833030700683
gemma4-e2b-full-s1-r8,latih,1220,0.5043209075927735
gemma4-e2b-full-s1-r8,latih,1230,0.4402433395385742
gemma4-e2b-full-s1-r8,latih,1240,0.6693226814270019
gemma4-e2b-full-s1-r8,latih,1250,0.42759008407592775
gemma4-e2b-full-s1-r8,latih,1260,0.5344390869140625
gemma4-e2b-full-s1-r8,latih,1270,0.5718905925750732
gemma4-e2b-full-s1-r8,latih,1280,0.4973257064819336
gemma4-e2b-full-s1-r8,latih,1290,0.5450172424316406
gemma4-e2b-full-s1-r8,latih,1300,0.47484560012817384
gemma4-e2b-full-s1-r8,latih,1310,0.42913289070129396
gemma4-e2b-full-s1-r8,latih,1320,0.376543664932251
gemma4-e2b-full-s1-r8,latih,1330,0.39891221523284914
gemma4-e2b-full-s1-r8,latih,1340,0.40788793563842773
gemma4-e2b-full-s1-r8,latih,1350,0.40016918182373046
gemma4-e2b-full-s1-r8,latih,1360,0.31519312858581544
gemma4-e2b-full-s1-r8,latih,1370,0.33653156757354735
gemma4-e2b-full-s1-r8,latih,1380,0.45461578369140626
gemma4-e2b-full-s1-r8,latih,1390,0.4118533134460449
gemma4-e2b-full-s1-r8,latih,1400,0.4314136505126953
gemma4-e2b-full-s1-r8,latih,1410,0.39580793380737306
gemma4-e2b-full-s1-r8,latih,1420,0.3277987718582153
gemma4-e2b-full-s1-r8,latih,1430,0.3323831558227539
gemma4-e2b-full-s1-r8,latih,1440,0.38619146347045896
gemma4-e2b-full-s1-r8,latih,1450,0.35565800666809083
gemma4-e2b-full-s1-r8,latih,1460,0.3502176284790039
gemma4-e2b-full-s1-r8,latih,1470,0.4042933464050293
gemma4-e2b-full-s1-r8,latih,1480,0.3823185920715332
gemma4-e2b-full-s1-r8,latih,1490,0.3733309507369995
gemma4-e2b-full-s1-r8,latih,1500,0.33888630867004393
gemma4-e2b-full-s1-r8,latih,1510,0.3669115543365479
gemma4-e2b-full-s1-r8,latih,1520,0.3561516761779785
gemma4-e2b-full-s1-r8,latih,1530,0.30365500450134275
gemma4-e2b-full-s1-r8,latih,1540,0.3327457427978516
gemma4-e2b-full-s1-r8,latih,1550,0.2764126777648926
gemma4-e2b-full-s1-r8,latih,1560,0.33265256881713867
gemma4-e2b-full-s1-r8,latih,1570,0.34174213409423826
gemma4-e2b-full-s1-r8,latih,1580,0.38674488067626955
gemma4-e2b-full-s1-r8,latih,1590,0.3573958396911621
gemma4-e2b-full-s1-r8,latih,1600,0.2695264101028442
gemma4-e2b-full-s1-r8,latih,1610,0.3681419134140015
gemma4-e2b-full-s1-r8,latih,1620,0.34028167724609376
gemma4-e2b-full-s1-r8,latih,1630,0.290500807762146
gemma4-e2b-full-s1-r8,latih,1640,0.3103304147720337
gemma4-e2b-full-s1-r8,latih,1650,0.36752636432647706
gemma4-e2b-full-s1-r8,latih,1660,0.3478989601135254
gemma4-e2b-full-s1-r8,latih,1670,0.28046612739562987
gemma4-e2b-full-s1-r8,latih,1680,0.2676110744476318
gemma4-e2b-full-s1-r8,latih,1690,0.34094417095184326
gemma4-e2b-full-s1-r8,latih,1700,0.3644478559494019
gemma4-e2b-full-s1-r8,latih,1710,0.3507122039794922
gemma4-e2b-full-s1-r8,latih,1720,0.2538182258605957
gemma4-e2b-full-s1-r8,latih,1730,0.26960690021514894
gemma4-e2b-full-s1-r8,latih,1740,0.31579458713531494
gemma4-e2b-full-s1-r8,latih,1750,0.2641270160675049
gemma4-e2b-full-s1-r8,latih,1760,0.23037545680999755
gemma4-e2b-full-s1-r8,latih,1770,0.29104957580566404
gemma4-e2b-full-s1-r8,latih,1780,0.36425533294677737
gemma4-e2b-full-s1-r8,latih,1790,0.25761187076568604
gemma4-e2b-full-s1-r8,latih,1800,0.304581356048584
gemma4-e2b-full-s1-r8,latih,1810,0.33555538654327394
gemma4-e2b-full-s1-r8,latih,1820,0.30301353931427
gemma4-e2b-full-s1-r8,latih,1830,0.29669675827026365
gemma4-e2b-full-s1-r8,latih,1840,0.2595117807388306
gemma4-e2b-full-s1-r8,latih,1850,0.34863288402557374
gemma4-e2b-full-s1-r8,latih,1860,0.2676174402236938
gemma4-e2b-full-s1-r8,latih,1870,0.35488219261169435
gemma4-e2b-full-s1-r8,latih,1880,0.3481765270233154
gemma4-e2b-full-s1-r8,latih,1890,0.29607467651367186
gemma4-e2b-full-s1-r8,latih,1900,0.2648938179016113
gemma4-e2b-full-s1-r8,latih,1910,0.2910865545272827
gemma4-e2b-full-s1-r8,latih,1920,0.22858479022979736
gemma4-e2b-full-s1-r8,latih,1930,0.19408382177352906
gemma4-e2b-full-s1-r8,latih,1940,0.22856664657592773
gemma4-e2b-full-s1-r8,latih,1950,0.2867650747299194
gemma4-e2b-full-s1-r8,latih,1960,0.28828916549682615
gemma4-e2b-full-s1-r8,latih,1970,0.2528877019882202
gemma4-e2b-full-s1-r8,latih,1980,0.31561129093170165
gemma4-e2b-full-s1-r8,latih,1990,0.2566560983657837
gemma4-e2b-full-s1-r8,latih,2000,0.26623382568359377
gemma4-e2b-full-s1-r8,latih,2010,0.2970823526382446
gemma4-e2b-full-s1-r8,latih,2020,0.265292763710022
gemma4-e2b-full-s1-r8,latih,2030,0.24622502326965331
gemma4-e2b-full-s1-r8,latih,2040,0.26901233196258545
gemma4-e2b-full-s1-r8,latih,2050,0.30144362449645995
gemma4-e2b-full-s1-r8,latih,2060,0.3218513250350952
gemma4-e2b-full-s1-r8,latih,2070,0.20626120567321776
gemma4-e2b-full-s1-r8,latih,2080,0.26245317459106443
gemma4-e2b-full-s1-r8,latih,2090,0.3050396203994751
gemma4-e2b-full-s1-r8,latih,2100,0.2538315296173096
gemma4-e2b-full-s1-r8,latih,2110,0.2081350326538086
gemma4-e2b-full-s1-r8,latih,2120,0.23404850959777831
gemma4-e2b-full-s1-r8,latih,2130,0.2369910478591919
gemma4-e2b-full-s1-r8,latih,2140,0.2568661212921143
gemma4-e2b-full-s1-r8,latih,2150,0.28213446140289306
gemma4-e2b-full-s1-r8,latih,2160,0.1981913924217224
gemma4-e2b-full-s1-r8,latih,2170,0.20053637027740479
gemma4-e2b-full-s1-r8,latih,2180,0.23878281116485595
gemma4-e2b-full-s1-r8,latih,2190,0.27573935985565184
gemma4-e2b-full-s1-r8,latih,2200,0.23673522472381592
gemma4-e2b-full-s1-r8,latih,2210,0.22831439971923828
gemma4-e2b-full-s1-r8,latih,2220,0.20277562141418456
gemma4-e2b-full-s1-r8,latih,2230,0.1840922474861145
gemma4-e2b-full-s1-r8,latih,2240,0.25948166847229004
gemma4-e2b-full-s1-r8,latih,2250,0.2522301435470581
gemma4-e2b-full-s1-r8,latih,2260,0.236352801322937
gemma4-e2b-full-s1-r8,latih,2270,0.1890380024909973
gemma4-e2b-full-s1-r8,latih,2280,0.31097776889801027
gemma4-e2b-full-s1-r8,latih,2290,0.1952209949493408
gemma4-e2b-full-s1-r8,latih,2300,0.22299492359161377
gemma4-e2b-full-s1-r8,latih,2310,0.1889999032020569
gemma4-e2b-full-s1-r8,latih,2320,0.2456207036972046
gemma4-e2b-full-s1-r8,latih,2330,0.2649168252944946
gemma4-e2b-full-s1-r8,latih,2340,0.22874186038970948
gemma4-e2b-full-s1-r8,latih,2350,0.19726314544677734
gemma4-e2b-full-s1-r8,latih,2360,0.21837286949157714
gemma4-e2b-full-s1-r8,latih,2370,0.256762433052063
gemma4-e2b-full-s1-r8,latih,2380,0.22150070667266847
gemma4-e2b-full-s1-r8,latih,2390,0.2136826992034912
gemma4-e2b-full-s1-r8,latih,2400,0.29809596538543703
gemma4-e2b-full-s1-r8,latih,2410,0.24503321647644044
gemma4-e2b-full-s1-r8,latih,2420,0.18095144033432006
gemma4-e2b-full-s1-r8,latih,2430,0.22747468948364258
gemma4-e2b-full-s1-r8,latih,2440,0.19320719242095946
gemma4-e2b-full-s1-r8,latih,2450,0.2015528202056885
gemma4-e2b-full-s1-r8,latih,2460,0.2244553565979004
gemma4-e2b-full-s1-r8,latih,2470,0.23084664344787598
gemma4-e2b-full-s1-r8,latih,2480,0.22727205753326415
gemma4-e2b-full-s1-r8,latih,2490,0.22863709926605225
gemma4-e2b-full-s1-r8,latih,2500,0.1988210439682007
gemma4-e2b-full-s1-r8,latih,2510,0.20784568786621094
gemma4-e2b-full-s1-r8,latih,2520,0.21223788261413573
gemma4-e2b-full-s1-r8,latih,2530,0.23996953964233397
gemma4-e2b-full-s1-r8,latih,2540,0.16898221969604493
gemma4-e2b-full-s1-r8,latih,2550,0.30006258487701415
gemma4-e2b-full-s1-r8,latih,2560,0.22359650135040282
gemma4-e2b-full-s1-r8,latih,2570,0.22971823215484619
gemma4-e2b-full-s1-r8,latih,2580,0.24578936100006105
gemma4-e2b-full-s1-r8,latih,2590,0.20544567108154296
gemma4-e2b-full-s1-r8,latih,2600,0.19891631603240967
gemma4-e2b-full-s1-r8,latih,2610,0.27326877117156984
gemma4-e2b-full-s1-r8,latih,2620,0.19527970552444457
gemma4-e2b-full-s1-r8,validasi,1311,0.5394858717918396
gemma4-e2b-full-s1-r8,validasi,2622,0.3498035967350006
gemma4-e2b-full-s1-seimbang,latih,10,6.041658401489258
gemma4-e2b-full-s1-seimbang,latih,20,5.540220260620117
gemma4-e2b-full-s1-seimbang,latih,30,2.921167755126953
gemma4-e2b-full-s1-seimbang,latih,40,2.2402538299560546
gemma4-e2b-full-s1-seimbang,latih,50,1.8926212310791015
gemma4-e2b-full-s1-seimbang,latih,60,1.876484489440918
gemma4-e2b-full-s1-seimbang,latih,70,1.7702659606933593
gemma4-e2b-full-s1-seimbang,latih,80,1.6057985305786133
gemma4-e2b-full-s1-seimbang,latih,90,1.671621322631836
gemma4-e2b-full-s1-seimbang,latih,100,1.8233259201049805
gemma4-e2b-full-s1-seimbang,latih,110,1.6081111907958985
gemma4-e2b-full-s1-seimbang,latih,120,1.6452072143554688
gemma4-e2b-full-s1-seimbang,latih,130,1.4714357376098632
gemma4-e2b-full-s1-seimbang,latih,140,1.5544099807739258
gemma4-e2b-full-s1-seimbang,latih,150,1.5205159187316895
gemma4-e2b-full-s1-seimbang,latih,160,1.337332820892334
gemma4-e2b-full-s1-seimbang,latih,170,1.4228696823120117
gemma4-e2b-full-s1-seimbang,latih,180,1.4944005966186524
gemma4-e2b-full-s1-seimbang,latih,190,1.3039589881896974
gemma4-e2b-full-s1-seimbang,latih,200,1.5061406135559081
gemma4-e2b-full-s1-seimbang,latih,210,1.506855297088623
gemma4-e2b-full-s1-seimbang,latih,220,1.301888370513916
gemma4-e2b-full-s1-seimbang,latih,230,1.1951061248779298
gemma4-e2b-full-s1-seimbang,latih,240,1.3861781120300294
gemma4-e2b-full-s1-seimbang,latih,250,1.1393959045410156
gemma4-e2b-full-s1-seimbang,latih,260,1.2503864288330078
gemma4-e2b-full-s1-seimbang,latih,270,1.1691176414489746
gemma4-e2b-full-s1-seimbang,latih,280,1.300432014465332
gemma4-e2b-full-s1-seimbang,latih,290,0.9776660919189453
gemma4-e2b-full-s1-seimbang,latih,300,0.9539804458618164
gemma4-e2b-full-s1-seimbang,latih,310,0.8589693069458008
gemma4-e2b-full-s1-seimbang,latih,320,1.1395604133605957
gemma4-e2b-full-s1-seimbang,latih,330,1.0384212493896485
gemma4-e2b-full-s1-seimbang,latih,340,0.9311185836791992
gemma4-e2b-full-s1-seimbang,latih,350,1.0865513801574707
gemma4-e2b-full-s1-seimbang,latih,360,0.960299015045166
gemma4-e2b-full-s1-seimbang,latih,370,0.8903861999511719
gemma4-e2b-full-s1-seimbang,latih,380,0.8977134704589844
gemma4-e2b-full-s1-seimbang,latih,390,0.957857608795166
gemma4-e2b-full-s1-seimbang,latih,400,0.9202413558959961
gemma4-e2b-full-s1-seimbang,latih,410,1.144531536102295
gemma4-e2b-full-s1-seimbang,latih,420,0.8239274024963379
gemma4-e2b-full-s1-seimbang,latih,430,0.9339768409729003
gemma4-e2b-full-s1-seimbang,latih,440,0.78932785987854
gemma4-e2b-full-s1-seimbang,latih,450,0.9134347915649415
gemma4-e2b-full-s1-seimbang,latih,460,1.0478549957275392
gemma4-e2b-full-s1-seimbang,latih,470,0.6800826549530029
gemma4-e2b-full-s1-seimbang,latih,480,0.7699620723724365
gemma4-e2b-full-s1-seimbang,latih,490,1.015054988861084
gemma4-e2b-full-s1-seimbang,latih,500,0.7507869720458984
gemma4-e2b-full-s1-seimbang,latih,510,1.0509366989135742
gemma4-e2b-full-s1-seimbang,latih,520,0.8540157318115235
gemma4-e2b-full-s1-seimbang,latih,530,0.8257674217224121
gemma4-e2b-full-s1-seimbang,latih,540,0.8297765731811524
gemma4-e2b-full-s1-seimbang,latih,550,0.8288433074951171
gemma4-e2b-full-s1-seimbang,latih,560,0.7222089290618896
gemma4-e2b-full-s1-seimbang,latih,570,0.7824840068817138
gemma4-e2b-full-s1-seimbang,latih,580,0.6756584167480468
gemma4-e2b-full-s1-seimbang,latih,590,0.79144287109375
gemma4-e2b-full-s1-seimbang,latih,600,0.6345026969909668
gemma4-e2b-full-s1-seimbang,latih,610,0.5363687515258789
gemma4-e2b-full-s1-seimbang,latih,620,0.8072375297546387
gemma4-e2b-full-s1-seimbang,latih,630,0.7694159984588623
gemma4-e2b-full-s1-seimbang,latih,640,0.7594166755676269
gemma4-e2b-full-s1-seimbang,latih,650,0.6101456642150879
gemma4-e2b-full-s1-seimbang,latih,660,0.8552759170532227
gemma4-e2b-full-s1-seimbang,latih,670,0.7903536796569824
gemma4-e2b-full-s1-seimbang,latih,680,0.6875129222869873
gemma4-e2b-full-s1-seimbang,latih,690,0.6494500637054443
gemma4-e2b-full-s1-seimbang,latih,700,0.5526549816131592
gemma4-e2b-full-s1-seimbang,latih,710,0.5456638336181641
gemma4-e2b-full-s1-seimbang,latih,720,0.49474706649780276
gemma4-e2b-full-s1-seimbang,latih,730,0.5656126022338868
gemma4-e2b-full-s1-seimbang,latih,740,0.5080415725708007
gemma4-e2b-full-s1-seimbang,latih,750,0.5553842544555664
gemma4-e2b-full-s1-seimbang,latih,760,0.619374942779541
gemma4-e2b-full-s1-seimbang,latih,770,0.780793571472168
gemma4-e2b-full-s1-seimbang,latih,780,0.6167007446289062
gemma4-e2b-full-s1-seimbang,latih,790,0.5876717090606689
gemma4-e2b-full-s1-seimbang,latih,800,0.543204927444458
gemma4-e2b-full-s1-seimbang,latih,810,0.5771280288696289
gemma4-e2b-full-s1-seimbang,latih,820,0.5123462200164794
gemma4-e2b-full-s1-seimbang,latih,830,0.5256828784942627
gemma4-e2b-full-s1-seimbang,latih,840,0.43903346061706544
gemma4-e2b-full-s1-seimbang,latih,850,0.5643622398376464
gemma4-e2b-full-s1-seimbang,latih,860,0.6521228790283203
gemma4-e2b-full-s1-seimbang,latih,870,0.4395904064178467
gemma4-e2b-full-s1-seimbang,latih,880,0.42362236976623535
gemma4-e2b-full-s1-seimbang,latih,890,0.5505447387695312
gemma4-e2b-full-s1-seimbang,latih,900,0.39079153537750244
gemma4-e2b-full-s1-seimbang,latih,910,0.34148550033569336
gemma4-e2b-full-s1-seimbang,latih,920,0.34186477661132814
gemma4-e2b-full-s1-seimbang,latih,930,0.3841034173965454
gemma4-e2b-full-s1-seimbang,latih,940,0.3816727638244629
gemma4-e2b-full-s1-seimbang,latih,950,0.3197339057922363
gemma4-e2b-full-s1-seimbang,latih,960,0.41476917266845703
gemma4-e2b-full-s1-seimbang,latih,970,0.3169051170349121
gemma4-e2b-full-s1-seimbang,latih,980,0.37114269733428956
gemma4-e2b-full-s1-seimbang,latih,990,0.3129170656204224
gemma4-e2b-full-s1-seimbang,latih,1000,0.4417725563049316
gemma4-e2b-full-s1-seimbang,latih,1010,0.39388360977172854
gemma4-e2b-full-s1-seimbang,latih,1020,0.33951764106750487
gemma4-e2b-full-s1-seimbang,latih,1030,0.39451663494110106
gemma4-e2b-full-s1-seimbang,latih,1040,0.3493309497833252
gemma4-e2b-full-s1-seimbang,latih,1050,0.2827965974807739
gemma4-e2b-full-s1-seimbang,latih,1060,0.40984768867492677
gemma4-e2b-full-s1-seimbang,latih,1070,0.3901803731918335
gemma4-e2b-full-s1-seimbang,latih,1080,0.38235011100769045
gemma4-e2b-full-s1-seimbang,latih,1090,0.32193551063537595
gemma4-e2b-full-s1-seimbang,latih,1100,0.3726180076599121
gemma4-e2b-full-s1-seimbang,latih,1110,0.3676975965499878
gemma4-e2b-full-s1-seimbang,latih,1120,0.28120276927947996
gemma4-e2b-full-s1-seimbang,latih,1130,0.32646420001983645
gemma4-e2b-full-s1-seimbang,latih,1140,0.3085636615753174
gemma4-e2b-full-s1-seimbang,latih,1150,0.3479830265045166
gemma4-e2b-full-s1-seimbang,latih,1160,0.34802932739257814
gemma4-e2b-full-s1-seimbang,latih,1170,0.2423942804336548
gemma4-e2b-full-s1-seimbang,latih,1180,0.3362345933914185
gemma4-e2b-full-s1-seimbang,latih,1190,0.3254129409790039
gemma4-e2b-full-s1-seimbang,latih,1200,0.32459206581115724
gemma4-e2b-full-s1-seimbang,latih,1210,0.36155388355255125
gemma4-e2b-full-s1-seimbang,latih,1220,0.3253443479537964
gemma4-e2b-full-s1-seimbang,latih,1230,0.2280979871749878
gemma4-e2b-full-s1-seimbang,latih,1240,0.3131361961364746
gemma4-e2b-full-s1-seimbang,latih,1250,0.33327617645263674
gemma4-e2b-full-s1-seimbang,latih,1260,0.2845086812973022
gemma4-e2b-full-s1-seimbang,latih,1270,0.28813636302948
gemma4-e2b-full-s1-seimbang,latih,1280,0.32419259548187257
gemma4-e2b-full-s1-seimbang,latih,1290,0.30302536487579346
gemma4-e2b-full-s1-seimbang,latih,1300,0.345382022857666
gemma4-e2b-full-s1-seimbang,latih,1310,0.23613314628601073
gemma4-e2b-full-s1-seimbang,latih,1320,0.3425974607467651
gemma4-e2b-full-s1-seimbang,latih,1330,0.334690523147583
gemma4-e2b-full-s1-seimbang,latih,1340,0.29059972763061526
gemma4-e2b-full-s1-seimbang,latih,1350,0.23884477615356445
gemma4-e2b-full-s1-seimbang,latih,1360,0.3286701440811157
gemma4-e2b-full-s1-seimbang,latih,1370,0.31235494613647463
gemma4-e2b-full-s1-seimbang,latih,1380,0.3478004217147827
gemma4-e2b-full-s1-seimbang,latih,1390,0.244965124130249
gemma4-e2b-full-s1-seimbang,latih,1400,0.22373614311218262
gemma4-e2b-full-s1-seimbang,latih,1410,0.24618229866027833
gemma4-e2b-full-s1-seimbang,latih,1420,0.29827835559844973
gemma4-e2b-full-s1-seimbang,latih,1430,0.21900765895843505
gemma4-e2b-full-s1-seimbang,latih,1440,0.2881179332733154
gemma4-e2b-full-s1-seimbang,latih,1450,0.2778658151626587
gemma4-e2b-full-s1-seimbang,latih,1460,0.27421116828918457
gemma4-e2b-full-s1-seimbang,latih,1470,0.3164003610610962
gemma4-e2b-full-s1-seimbang,latih,1480,0.2922401428222656
gemma4-e2b-full-s1-seimbang,latih,1490,0.21729788780212403
gemma4-e2b-full-s1-seimbang,latih,1500,0.19255794286727906
gemma4-e2b-full-s1-seimbang,latih,1510,0.24134550094604493
gemma4-e2b-full-s1-seimbang,latih,1520,0.21693017482757568
gemma4-e2b-full-s1-seimbang,latih,1530,0.20973169803619385
gemma4-e2b-full-s1-seimbang,latih,1540,0.2633251667022705
gemma4-e2b-full-s1-seimbang,latih,1550,0.3253926753997803
gemma4-e2b-full-s1-seimbang,latih,1560,0.20924146175384523
gemma4-e2b-full-s1-seimbang,latih,1570,0.2807605743408203
gemma4-e2b-full-s1-seimbang,latih,1580,0.1849774718284607
gemma4-e2b-full-s1-seimbang,latih,1590,0.27880172729492186
gemma4-e2b-full-s1-seimbang,latih,1600,0.3054098606109619
gemma4-e2b-full-s1-seimbang,latih,1610,0.20829503536224364
gemma4-e2b-full-s1-seimbang,latih,1620,0.2736149072647095
gemma4-e2b-full-s1-seimbang,latih,1630,0.19291340112686156
gemma4-e2b-full-s1-seimbang,latih,1640,0.22528274059295655
gemma4-e2b-full-s1-seimbang,latih,1650,0.21820273399353027
gemma4-e2b-full-s1-seimbang,latih,1660,0.24312751293182372
gemma4-e2b-full-s1-seimbang,latih,1670,0.3219095468521118
gemma4-e2b-full-s1-seimbang,latih,1680,0.3485428810119629
gemma4-e2b-full-s1-seimbang,latih,1690,0.22916030883789062
gemma4-e2b-full-s1-seimbang,latih,1700,0.24374582767486572
gemma4-e2b-full-s1-seimbang,latih,1710,0.2198455810546875
gemma4-e2b-full-s1-seimbang,latih,1720,0.24495069980621337
gemma4-e2b-full-s1-seimbang,latih,1730,0.1790507197380066
gemma4-e2b-full-s1-seimbang,latih,1740,0.23414723873138427
gemma4-e2b-full-s1-seimbang,latih,1750,0.23974246978759767
gemma4-e2b-full-s1-seimbang,latih,1760,0.24237678050994874
gemma4-e2b-full-s1-seimbang,latih,1770,0.21763308048248292
gemma4-e2b-full-s1-seimbang,latih,1780,0.266300368309021
gemma4-e2b-full-s1-seimbang,latih,1790,0.19166316986083984
gemma4-e2b-full-s1-seimbang,latih,1800,0.1800236463546753
gemma4-e2b-full-s1-seimbang,latih,1810,0.16373764276504515
gemma4-e2b-full-s1-seimbang,latih,1820,0.13818877935409546
gemma4-e2b-full-s1-seimbang,latih,1830,0.15516895055770874
gemma4-e2b-full-s1-seimbang,latih,1840,0.15328716039657592
gemma4-e2b-full-s1-seimbang,latih,1850,0.16552726030349732
gemma4-e2b-full-s1-seimbang,latih,1860,0.1593385100364685
gemma4-e2b-full-s1-seimbang,latih,1870,0.1259361982345581
gemma4-e2b-full-s1-seimbang,latih,1880,0.17589476108551025
gemma4-e2b-full-s1-seimbang,latih,1890,0.14062669277191162
gemma4-e2b-full-s1-seimbang,latih,1900,0.14080491065979003
gemma4-e2b-full-s1-seimbang,latih,1910,0.15197681188583373
gemma4-e2b-full-s1-seimbang,latih,1920,0.2014554500579834
gemma4-e2b-full-s1-seimbang,latih,1930,0.13129907846450806
gemma4-e2b-full-s1-seimbang,latih,1940,0.14839630126953124
gemma4-e2b-full-s1-seimbang,latih,1950,0.15747016668319702
gemma4-e2b-full-s1-seimbang,latih,1960,0.13989779949188233
gemma4-e2b-full-s1-seimbang,latih,1970,0.14211158752441405
gemma4-e2b-full-s1-seimbang,latih,1980,0.13316926956176758
gemma4-e2b-full-s1-seimbang,latih,1990,0.14779568910598756
gemma4-e2b-full-s1-seimbang,latih,2000,0.14098048210144043
gemma4-e2b-full-s1-seimbang,latih,2010,0.13941835165023803
gemma4-e2b-full-s1-seimbang,latih,2020,0.12199342250823975
gemma4-e2b-full-s1-seimbang,latih,2030,0.15491565465927123
gemma4-e2b-full-s1-seimbang,latih,2040,0.17611911296844482
gemma4-e2b-full-s1-seimbang,latih,2050,0.12734076976776124
gemma4-e2b-full-s1-seimbang,latih,2060,0.12137224674224853
gemma4-e2b-full-s1-seimbang,latih,2070,0.16283137798309327
gemma4-e2b-full-s1-seimbang,latih,2080,0.13394213914871217
gemma4-e2b-full-s1-seimbang,latih,2090,0.122494637966156
gemma4-e2b-full-s1-seimbang,latih,2100,0.13620316982269287
gemma4-e2b-full-s1-seimbang,latih,2110,0.1393892765045166
gemma4-e2b-full-s1-seimbang,latih,2120,0.17881696224212645
gemma4-e2b-full-s1-seimbang,latih,2130,0.15738263130187988
gemma4-e2b-full-s1-seimbang,latih,2140,0.14965105056762695
gemma4-e2b-full-s1-seimbang,latih,2150,0.09893853664398193
gemma4-e2b-full-s1-seimbang,latih,2160,0.1029837965965271
gemma4-e2b-full-s1-seimbang,latih,2170,0.13355276584625245
gemma4-e2b-full-s1-seimbang,latih,2180,0.16384470462799072
gemma4-e2b-full-s1-seimbang,latih,2190,0.12639358043670654
gemma4-e2b-full-s1-seimbang,latih,2200,0.17838404178619385
gemma4-e2b-full-s1-seimbang,latih,2210,0.14802569150924683
gemma4-e2b-full-s1-seimbang,latih,2220,0.1401744604110718
gemma4-e2b-full-s1-seimbang,latih,2230,0.13513318300247193
gemma4-e2b-full-s1-seimbang,latih,2240,0.10478256940841675
gemma4-e2b-full-s1-seimbang,latih,2250,0.11739846467971801
gemma4-e2b-full-s1-seimbang,latih,2260,0.14198768138885498
gemma4-e2b-full-s1-seimbang,latih,2270,0.14538469314575195
gemma4-e2b-full-s1-seimbang,latih,2280,0.11168206930160522
gemma4-e2b-full-s1-seimbang,latih,2290,0.1057005524635315
gemma4-e2b-full-s1-seimbang,latih,2300,0.10685635805130005
gemma4-e2b-full-s1-seimbang,latih,2310,0.13964467048645018
gemma4-e2b-full-s1-seimbang,latih,2320,0.10881631374359131
gemma4-e2b-full-s1-seimbang,latih,2330,0.10521303415298462
gemma4-e2b-full-s1-seimbang,latih,2340,0.12312891483306884
gemma4-e2b-full-s1-seimbang,latih,2350,0.16180815696716308
gemma4-e2b-full-s1-seimbang,latih,2360,0.13676800727844238
gemma4-e2b-full-s1-seimbang,latih,2370,0.10887229442596436
gemma4-e2b-full-s1-seimbang,latih,2380,0.16796820163726806
gemma4-e2b-full-s1-seimbang,latih,2390,0.12058666944503785
gemma4-e2b-full-s1-seimbang,latih,2400,0.11076139211654663
gemma4-e2b-full-s1-seimbang,latih,2410,0.1540144920349121
gemma4-e2b-full-s1-seimbang,latih,2420,0.12566556930541992
gemma4-e2b-full-s1-seimbang,latih,2430,0.11783725023269653
gemma4-e2b-full-s1-seimbang,latih,2440,0.13136258125305175
gemma4-e2b-full-s1-seimbang,latih,2450,0.151760733127594
gemma4-e2b-full-s1-seimbang,latih,2460,0.12572067975997925
gemma4-e2b-full-s1-seimbang,latih,2470,0.15956512689590455
gemma4-e2b-full-s1-seimbang,latih,2480,0.11793851852416992
gemma4-e2b-full-s1-seimbang,latih,2490,0.13993945121765136
gemma4-e2b-full-s1-seimbang,latih,2500,0.11027182340621948
gemma4-e2b-full-s1-seimbang,latih,2510,0.1411428451538086
gemma4-e2b-full-s1-seimbang,latih,2520,0.17590808868408203
gemma4-e2b-full-s1-seimbang,latih,2530,0.09653218388557434
gemma4-e2b-full-s1-seimbang,latih,2540,0.12880645990371703
gemma4-e2b-full-s1-seimbang,latih,2550,0.09885426163673401
gemma4-e2b-full-s1-seimbang,latih,2560,0.09365918636322021
gemma4-e2b-full-s1-seimbang,latih,2570,0.17938032150268554
gemma4-e2b-full-s1-seimbang,latih,2580,0.11211310625076294
gemma4-e2b-full-s1-seimbang,latih,2590,0.1452762007713318
gemma4-e2b-full-s1-seimbang,latih,2600,0.08292509317398071
gemma4-e2b-full-s1-seimbang,latih,2610,0.1077584981918335
gemma4-e2b-full-s1-seimbang,latih,2620,0.1394726276397705
gemma4-e2b-full-s1-seimbang,latih,2630,0.12387425899505615
gemma4-e2b-full-s1-seimbang,latih,2640,0.12991774082183838
gemma4-e2b-full-s1-seimbang,latih,2650,0.09111262559890747
gemma4-e2b-full-s1-seimbang,latih,2660,0.15757431983947753
gemma4-e2b-full-s1-seimbang,latih,2670,0.10956288576126098
gemma4-e2b-full-s1-seimbang,validasi,891,0.5114738941192627
gemma4-e2b-full-s1-seimbang,validasi,1782,0.3004707992076874
gemma4-e2b-full-s1-seimbang,validasi,2673,0.2904506325721741
